Date,AAPL,GLD,GOOGL,GS,JPM,KO,MSFT,NVDA,TLT,XOM
2020-01-02,72.3338623046875,143.9499969482422,67.8730239868164,202.11891174316406,118.43031311035156,45.43270492553711,152.1583709716797,5.970754146575928,113.74649047851562,53.3064079284668
2020-01-03,71.63065338134766,145.86000061035156,67.51795959472656,199.75547790527344,116.86746215820312,45.18484878540039,150.26373291015625,5.875185489654541,115.4981460571289,52.87785339355469
2020-01-06,72.20140838623047,147.38999938964844,69.31758880615234,201.79974365234375,116.77455139160156,45.168331146240234,150.65216064453125,5.899824619293213,114.84235382080078,53.283851623535156
2020-01-07,71.86186218261719,147.97000122070312,69.18370056152344,203.12815856933594,114.78929901123047,44.82132339477539,149.27857971191406,5.971252918243408,114.27779388427734,52.847782135009766
2020-01-08,73.01782989501953,146.86000061035156,69.6761245727539,205.08615112304688,115.68479919433594,44.903953552246094,151.65631103515625,5.982451438903809,113.5223617553711,52.05082702636719
2020-01-09,74.56879425048828,146.02999877929688,70.40758514404297,209.2610626220703,116.10716247558594,45.72188186645508,153.5509033203125,6.048154830932617,113.9207992553711,52.44929504394531
2020-01-10,74.73738098144531,146.91000366210938,70.86231994628906,208.83839416503906,114.9498291015625,45.87886047363281,152.8404541015625,6.080508232116699,114.93370056152344,51.98313903808594
2020-01-13,76.3340835571289,145.82000732421875,71.41129302978516,211.51235961914062,115.9044418334961,46.374568939208984,154.6782684326172,6.271145820617676,114.58496856689453,52.479366302490234
2020-01-14,75.3033447265625,145.69000244140625,70.94316864013672,211.9005126953125,117.25609588623047,46.267173767089844,153.5888671875,6.154174327850342,115.1744613647461,52.028263092041016
2020-01-15,74.98060607910156,146.5399932861328,71.3701400756836,211.51235961914062,115.4989242553711,46.84550857543945,154.58352661132812,6.111617565155029,115.938232421875,51.9455451965332
2020-01-16,75.91985321044922,146.30999755859375,71.91364288330078,215.402587890625,115.94664764404297,46.94465255737305,157.416015625,6.195241451263428,115.57295227050781,51.74254608154297
2020-01-17,76.76036834716797,146.5800018310547,73.36959075927734,215.17832946777344,116.74919891357422,47.04380416870117,158.29702758789062,6.203949451446533,114.58496856689453,51.54706573486328
2020-01-21,76.24018096923828,146.74000549316406,73.50498962402344,211.93502807617188,115.60030364990234,47.233821868896484,157.72865295410156,6.170599937438965,115.788818359375,50.81025314331055
2020-01-22,76.51232147216797,146.7899932861328,73.58531951904297,213.0995330810547,115.46512603759766,47.597354888916016,156.9707794189453,6.224605083465576,116.19560241699219,50.51704025268555
2020-01-23,76.88078308105469,147.1199951171875,73.62599182128906,211.83152770996094,115.34686279296875,47.779109954833984,157.9370880126953,6.293046951293945,117.00920104980469,50.20124435424805
2020-01-24,76.65921020507812,147.97999572753906,72.70756530761719,208.67449951171875,112.48306274414062,47.65518569946289,156.34552001953125,6.233815670013428,117.95562744140625,49.862918853759766
2020-01-27,74.40501403808594,148.99000549316406,70.99968719482422,205.41395568847656,111.53688049316406,47.48994445800781,153.73097229003906,5.977972030639648,119.79044342041016,48.674991607666016
2020-01-28,76.50990295410156,147.66000366210938,71.93049621582031,209.2437744140625,113.5643539428711,47.10163497924805,156.74339294433594,6.171347141265869,118.85225677490234,48.607330322265625
2020-01-29,78.11143493652344,148.4600067138672,72.23795318603516,207.12184143066406,113.39542388916016,47.10163497924805,159.18751525878906,6.110872268676758,120.01454162597656,48.201324462890625
2020-01-30,77.99824523925781,148.47000122070312,72.116455078125,210.580810546875,114.79776763916016,48.63011169433594,163.6778106689453,6.117589473724365,120.03118133544922,48.71257781982422
2020-01-31,74.53988647460938,149.3300018310547,71.05175018310547,205.07754516601562,111.81564331054688,48.25004577636719,161.26214599609375,5.884145736694336,121.12702941894531,46.70513153076172
2020-02-03,74.33519744873047,148.36000061035156,73.5223388671875,206.1643829345703,112.66889953613281,48.39876937866211,165.19351196289062,5.981206893920898,121.02884674072266,45.660057067871094
2020-02-04,76.78925323486328,146.42999267578125,71.67807006835938,208.69174194335938,114.29086303710938,48.613590240478516,170.63113403320312,6.1504411697387695,119.39900207519531,45.08864974975586
2020-02-05,77.41543579101562,146.61000061035156,71.7098159790039,210.72744750976562,116.23387908935547,48.62184143066406,170.42271423339844,6.240784168243408,118.0933609008789,47.16376495361328
2020-02-06,78.32095336914062,147.39999389648438,73.19356536865234,208.58824157714844,116.25079345703125,48.737510681152344,173.9562530517578,6.327640056610107,118.62559509277344,46.52470016479492
2020-02-07,77.25635528564453,147.7899932861328,73.3492660522461,205.29318237304688,115.87908935546875,48.902748107910156,174.20248413085938,6.261441230773926,120.10588836669922,46.216426849365234
2020-02-10,77.62328338623047,148.1699981689453,74.81465911865234,204.74114990234375,116.360595703125,49.36542892456055,178.7591552734375,6.5446600914001465,120.43849182128906,45.728336334228516
2020-02-11,77.15496826171875,147.66000366210938,74.88409423828125,203.96485900878906,116.58025360107422,49.233219146728516,174.7235565185547,6.667106628417969,119.83140563964844,46.163047790527344
2020-02-12,78.98723602294922,147.5399932861328,75.30907440185547,205.8538360595703,116.58025360107422,49.08450698852539,174.97933959960938,6.782832622528076,119.22428894042969,46.72740173339844
2020-02-13,78.42475128173828,148.3800048828125,75.0492172241211,205.59512329101562,116.47888946533203,49.24974822998047,174.0320281982422,6.739030838012695,119.68173217773438,46.468101501464844
2020-02-14,78.44407653808594,149.0,75.31402587890625,204.49960327148438,116.12407684326172,49.53065490722656,175.58555603027344,7.212141513824463,120.20559692382812,46.25455856323242
2020-02-18,77.0077133178711,150.91000366210938,75.3492431640625,201.16146850585938,114.58656311035156,49.183650970458984,177.36656188964844,7.3808794021606445,121.02884674072266,45.66732406616211
2020-02-19,78.12300872802734,151.7899932861328,75.61851501464844,204.71527099609375,116.1494140625,49.38194274902344,177.89852905273438,7.832089900970459,121.02062225341797,46.01814270019531
2020-02-20,77.32154846191406,152.41000366210938,75.22773742675781,200.74740600585938,116.1494140625,49.34064483642578,175.18174743652344,7.682764053344727,121.96852111816406,45.652069091796875
2020-02-21,75.57135772705078,154.6999969482422,73.56497955322266,198.92733764648438,114.73017120361328,49.67937088012695,169.64381408691406,7.31865930557251,123.10782623291016,45.095340728759766
2020-02-24,71.98167419433594,156.08999633789062,70.41105651855469,193.6829071044922,111.64671325683594,48.456600189208984,162.3295440673828,6.801248550415039,124.94566345214844,42.98280715942383
2020-02-25,69.54352569580078,153.3000030517578,68.747802734375,187.7052459716797,106.6624755859375,47.77085876464844,159.65078735351562,6.521763801574707,125.61091613769531,41.335487365722656
2020-02-26,70.64673614501953,153.97000122070312,68.95359802246094,186.12677001953125,106.98348999023438,47.589088439941406,161.64561462402344,6.6611328125,124.94566345214844,40.42793655395508
2020-02-27,66.0286865234375,154.0,65.20854949951172,177.42333984375,102.531494140625,45.38314437866211,150.2562255859375,6.290338516235352,126.30108642578125,37.995094299316406
2020-02-28,65.99007415771484,148.3800048828125,66.4135971069336,174.2383270263672,98.08792114257812,44.19342041015625,153.8943634033203,6.725382328033447,129.15345764160156,39.2305793762207
2020-03-02,72.13378143310547,149.1999969482422,68.747802734375,181.78863525390625,102.65821838378906,46.20107650756836,164.13433837890625,6.883759498596191,128.20327758789062,41.09143829345703
2020-03-03,69.8428726196289,153.88999938964844,66.33772277832031,176.5468292236328,98.80599212646484,46.31674575805664,156.2691192626953,6.62129020690918,130.19366455078125,39.12380599975586
2020-03-04,73.08250427246094,154.16000366210938,68.51373291015625,181.15509033203125,101.24740600585938,48.67966842651367,162.00657653808594,7.084970474243164,128.81124877929688,39.97796630859375
2020-03-05,70.71192169189453,157.49000549316406,65.19912719726562,172.51995849609375,96.28008270263672,46.878562927246094,157.94094848632812,6.805567264556885,132.01748657226562,38.216251373291016
2020-03-06,69.77284240722656,157.5500030517578,64.25592803955078,167.3649444580078,91.30432891845703,45.65578842163086,153.4763946533203,6.62502384185791,138.88824462890625,36.37064743041992
2020-03-09,64.2543716430664,157.80999755859375,60.29119873046875,149.97320556640625,78.93667602539062,42.84670639038086,143.0749053955078,6.112034797668457,142.652587890625,31.92441177368164
2020-03-10,68.88206481933594,154.47999572753906,63.23585891723633,159.9882354736328,85.06978607177734,44.3338623046875,152.85894775390625,6.501509189605713,135.3404541015625,33.10652542114258
2020-03-11,66.48976135253906,153.92999267578125,60.04869842529297,149.17478942871094,81.06552124023438,43.13587188720703,145.93418884277344,6.1376848220825195,130.3601837158203,32.01594543457031
2020-03-12,59.923587799072266,147.7899932861328,55.12192153930664,130.76768493652344,74.38328552246094,38.96356201171875,132.093994140625,5.386630058288574,131.16807556152344,28.355222702026367
2020-03-13,67.10294342041016,143.27999877929688,60.21581268310547,153.75706481933594,87.78154754638672,40.397090911865234,150.8737030029297,5.99748420715332,128.20327758789062,29.072120666503906
2020-03-16,58.470333099365234,141.63999938964844,53.2102165222168,134.22177124023438,74.64515686035156,37.72173309326172,128.6363525390625,4.8908233642578125,136.50636291503906,26.3037052154541
2020-03-17,61.041297912597656,143.55999755859375,55.44474792480469,137.70184326171875,79.20699310302734,39.32194519042969,139.22776794433594,5.410536766052246,127.40373992919922,28.073049545288086
2020-03-18,59.54700469970703,140.6999969482422,54.11226272583008,121.51640319824219,70.86896514892578,37.38002395629883,133.36683654785156,5.050696849822998,120.21662139892578,25.25887680053711
2020-03-19,59.09074783325195,138.0399932861328,55.12786865234375,129.73500061035156,72.06011199951172,34.8630256652832,135.56118774414062,5.303457736968994,123.4894790649414,26.257944107055664
2020-03-20,55.33934020996094,140.11000061035156,52.97267532348633,120.11920928955078,70.53949737548828,31.920961380004883,130.4697265625,5.123661041259766,132.77542114257812,24.969079971313477
2020-03-23,54.163692474365234,146.3000030517578,52.27445602416992,117.13379669189453,66.76331329345703,31.3042049407959,129.1682891845703,5.296483039855957,138.2469482421875,23.985258102416992
2020-03-24,59.59769821166992,153.39999389648438,56.037353515625,133.30181884765625,74.70428466796875,32.87941360473633,140.9091033935547,6.205169677734375,135.67355346679688,27.028221130371094
2020-03-25,59.26939392089844,151.3000030517578,54.629486083984375,134.629638671875,77.49207305908203,34.679656982421875,139.5602569580078,6.116518497467041,135.36541748046875,28.439117431640625
2020-03-26,62.38832473754883,153.24000549316406,57.66936492919922,143.8809356689453,82.89025115966797,36.913299560546875,148.2899169921875,6.4058837890625,136.03172302246094,29.605976104736328
2020-03-27,59.805301666259766,152.25,55.057945251464844,137.4154510498047,76.9852066040039,35.67979431152344,142.2010040283203,6.293574333190918,139.6627197265625,28.179821014404297
2020-03-30,61.512027740478516,152.9199981689453,56.845672607421875,138.52630615234375,78.98735046386719,37.50503158569336,152.2035369873047,6.613819122314453,138.5134735107422,28.59927749633789
2020-03-31,61.38649368286133,148.0500030517578,57.62125778198242,134.16099548339844,76.05595397949219,36.87995147705078,149.80975341796875,6.564263343811035,137.3892059326172,28.957721710205078
2020-04-01,58.15652084350586,149.4499969482422,54.653289794921875,126.08999633789062,71.26602935791016,35.10471725463867,144.4903106689453,6.0530171394348145,139.31407165527344,28.62215232849121
2020-04-02,59.126953125,151.89999389648438,55.393672943115234,130.11679077148438,73.92707824707031,36.62992477416992,147.4824676513672,6.3618059158325195,140.19815063476562,30.810955047607422
2020-04-03,58.277217864990234,152.64999389648438,54.18714141845703,127.51323699951172,71.74197387695312,36.529911041259766,146.1241455078125,6.073935031890869,140.53173828125,29.903406143188477
2020-04-06,63.36117172241211,156.8800048828125,58.674560546875,137.31993103027344,76.35975646972656,38.896888732910156,156.99107360839844,6.68379545211792,140.16468811035156,30.864341735839844
2020-04-07,62.62730407714844,156.0399932861328,58.643310546875,144.0805206298828,77.36693572998047,38.76354217529297,155.30026245117188,6.450459003448486,138.69692993164062,31.451570510864258
2020-04-08,64.23023223876953,154.64999389648438,59.85529327392578,153.57481384277344,80.49097442626953,39.8553466796875,156.8580780029297,6.647686004638672,137.687744140625,33.44208908081055
2020-04-09,64.69374084472656,158.69000244140625,59.8339729309082,159.9101104736328,87.7121353149414,40.83882522583008,156.8675537109375,6.548075199127197,137.9379425048828,32.89297866821289
2020-04-13,65.96353149414062,161.41000366210938,60.02439880371094,155.50144958496094,83.81134033203125,39.11358642578125,157.2190399169922,6.719901084899902,136.6785888671875,32.610801696777344
2020-04-14,69.29486083984375,162.67999267578125,62.7429313659668,154.67697143554688,81.5152587890625,40.77214431762695,164.99876403808594,7.071025848388672,136.64520263671875,32.359134674072266
2020-04-15,68.66239929199219,161.85000610351562,62.34968566894531,154.92864990234375,77.4949722290039,39.680328369140625,163.2699432373047,6.993578910827637,140.2648162841797,30.871963500976562
2020-04-16,69.20797729492188,161.7100067138672,62.35612487792969,153.6442413330078,74.5416488647461,39.255271911621094,168.1714630126953,7.338726043701172,141.85781860351562,29.85764503479004
2020-04-17,68.2689208984375,158.57000732421875,63.42578125,159.24188232421875,81.24212646484375,40.05537796020508,169.65330505371094,7.279458999633789,139.95626831054688,32.96162033081055
2020-04-20,66.85185241699219,159.6999969482422,62.54060363769531,156.56021118164062,78.28024291992188,38.78021240234375,166.2906494140625,7.148222923278809,141.0821533203125,31.40582275390625
2020-04-21,64.78544616699219,158.61000061035156,60.111183166503906,150.84104919433594,76.00978088378906,37.821746826171875,159.41336059570312,6.7114362716674805,142.85867309570312,31.238037109375
2020-04-22,66.6515121459961,161.72999572753906,62.404727935791016,152.7243194580078,76.25729370117188,38.0717887878418,164.8277587890625,7.1258111000061035,141.3990936279297,32.13033676147461
2020-04-23,66.3932113647461,163.33999633789062,63.03749084472656,151.917236328125,76.29998016357422,37.563377380371094,162.8329620361328,7.072519779205322,142.1497344970703,33.13703155517578
2020-04-24,68.3099594116211,162.63999938964844,63.30677032470703,153.60951232910156,77.42670440673828,37.86343002319336,165.80621337890625,7.211475372314453,142.48336791992188,33.35057067871094
2020-04-27,68.35823822021484,161.55999755859375,63.022125244140625,159.2852783203125,80.76412963867188,38.98856735229492,165.3312225341797,7.397993087768555,139.83114624023438,33.51072692871094
2020-04-28,67.25018310546875,160.83999633789062,61.12430953979492,162.29672241210938,81.33602142333984,38.95523452758789,161.3036346435547,7.255553245544434,141.44076538085938,34.2962532043457
2020-04-29,69.45904541015625,161.72999572753906,66.55889129638672,164.91761779785156,83.52967834472656,39.271934509277344,168.54193115234375,7.432359218597412,140.70689392089844,36.19525146484375
2020-04-30,70.92436218261719,158.8000030517578,66.78303527832031,159.18113708496094,81.73719024658203,38.246795654296875,170.23277282714844,7.278462886810303,139.06385803222656,35.44022750854492
2020-05-01,69.78252410888672,159.77999877929688,65.32608032226562,153.69631958007812,79.5947494506836,38.00511169433594,165.8251495361328,7.041889190673828,140.25469970703125,32.90060043334961
2020-05-04,70.76985168457031,160.33999633789062,65.60279083251953,152.76766967773438,78.64728546142578,37.62171173095703,169.88131713867188,7.253809452056885,139.5950164794922,34.22761535644531
2020-05-05,71.83202362060547,161.02000427246094,66.89807891845703,154.73777770996094,78.52779388427734,37.83841323852539,171.70513916015625,7.314820766448975,138.70144653320312,34.189491271972656
2020-05-06,72.57311248779297,158.9499969482422,66.7200698852539,153.54006958007812,77.05111694335938,37.29667282104492,173.3959503173828,7.415674209594727,136.4634246826172,33.54885482788086
2020-05-07,73.32389068603516,161.38999938964844,67.90278625488281,158.22650146484375,77.85347747802734,37.171653747558594,174.4028778076172,7.591982841491699,138.74319458007812,33.73952102661133
2020-05-08,75.06912231445312,160.4199981689453,68.64961242675781,160.89083862304688,79.12527465820312,38.4301643371582,175.42874145507812,7.781988143920898,136.93934631347656,35.219051361083984
2020-05-11,76.2503662109375,159.4199981689453,69.6042251586914,158.95547485351562,76.7950439453125,37.95509719848633,177.38555908203125,8.0339994430542,135.87042236328125,34.88349151611328
2020-05-12,75.37895965576172,160.0399932861328,68.19536590576172,153.79176330566406,74.28558349609375,37.35502243041992,173.3674774169922,7.772027015686035,137.26512145996094,34.300411224365234
2020-05-13,74.46881103515625,161.5800018310547,66.86386108398438,149.0967559814453,71.72489166259766,36.62158203125,170.7457275390625,7.749615669250488,138.22544860839844,32.59782791137695
2020-05-14,74.92630004882812,163.00999450683594,67.28688049316406,151.39649963378906,74.7038345336914,36.421566009521484,171.48663330078125,7.999136447906494,139.5783233642578,32.885494232177734
2020-05-15,74.48334503173828,163.92999267578125,68.0902328491211,149.15745544433594,73.32105255126953,36.054840087890625,173.9849395751953,8.457588195800781,139.21926879882812,32.652252197265625
2020-05-18,76.2382583618164,162.69000244140625,68.69126892089844,157.84463500976562,77.20477294921875,37.48004150390625,175.64724731445312,8.71607494354248,136.1627197265625,35.24888229370117
2020-05-19,75.79772186279297,164.25999450683594,68.15668487548828,154.329833984375,75.68541717529297,37.12165451049805,174.4313507080078,8.771109580993652,136.6721954345703,34.16048049926758
2020-05-20,77.27185821533203,164.64999389648438,69.88043212890625,157.46278381347656,77.95590209960938,38.246795654296875,176.85084533691406,8.934966087341309,137.08135986328125,35.2722053527832
2020-05-21,76.69573974609375,162.25,69.76091766357422,156.2998809814453,76.96578216552734,37.64672088623047,174.72666931152344,8.740978240966797,137.4237060546875,34.64248275756836
2020-05-22,77.18954467773438,163.2100067138672,70.082763671875,156.15234375,76.36827850341797,37.530033111572266,174.8028564453125,8.990997314453125,138.25054931640625,34.673580169677734
2020-05-26,76.6667251586914,160.88999938964844,70.4859390258789,170.15077209472656,81.78839111328125,38.41350173950195,172.9549102783203,8.683703422546387,136.39657592773438,35.69202423095703
2020-05-27,77.000732421875,161.17999267578125,70.43187713623047,181.9535369873047,86.52568054199219,38.94689178466797,173.18353271484375,8.491954803466797,136.14608764648438,35.94857406616211
2020-05-28,77.03466033935547,161.72000122070312,70.3307113647461,174.62887573242188,85.23677825927734,39.246944427490234,172.79299926757812,8.453852653503418,135.64486694335938,35.01566696166992
2020-05-29,76.95960235595703,162.91000366210938,71.08846282958984,171.5898895263672,83.06021881103516,38.90522384643555,174.55519104003906,8.840836524963379,136.61367797851562,35.349952697753906
2020-06-01,77.90603637695312,163.66000366210938,71.1553955078125,174.59393310546875,84.16132354736328,39.163597106933594,174.15509033203125,8.771857261657715,135.69395446777344,35.979671478271484
2020-06-02,78.2667236328125,162.60000610351562,71.52434539794922,178.2704315185547,84.4429702758789,39.088584899902344,176.13644409179688,8.790780067443848,135.20057678222656,36.780426025390625
2020-06-03,78.69755554199219,159.60000610351562,71.37259674072266,183.8856201171875,89.00099182128906,39.92203140258789,176.56507873535156,8.735250473022461,133.40284729003906,38.28087615966797
2020-06-04,78.01981353759766,161.27999877929688,70.13533782958984,187.59701538085938,90.85324096679688,39.938697814941406,174.2408447265625,8.736248970031738,131.47128295898438,38.172035217285156
2020-06-05,80.24185943603516,158.00999450683594,71.4107894897461,190.30421447753906,94.94180297851562,40.91382598876953,178.31773376464844,8.889217376708984,130.53475952148438,41.2662353515625
2020-06-08,80.71632385253906,159.72000122070312,71.80850982666016,192.82789611816406,96.83671569824219,41.5472412109375,179.42276000976562,8.774615287780762,131.0364227294922,42.5567741394043
2020-06-09,83.26517486572266,161.25999450683594,72.00884246826172,190.46136474609375,94.35285949707031,40.83882522583008,180.79437255859375,9.014781951904297,132.52484130859375,41.608306884765625
2020-06-10,85.40737915039062,163.57000732421875,72.63468170166016,186.46176147460938,90.52887725830078,40.52211380004883,187.50039672851562,9.33442497253418,134.48983764648438,39.3770637512207
2020-06-11,81.30694580078125,162.38999938964844,69.52041625976562,169.52894592285156,82.97484588623047,37.95509719848633,177.4319305419922,8.765896797180176,137.03179931640625,35.90192413330078
2020-06-12,82.0089111328125,162.6199951171875,70.06690979003906,176.20950317382812,85.2453384399414,38.35038375854492,178.83216857910156,8.901673316955566,135.71066284179688,36.67158889770508
2020-06-15,83.02313232421875,162.3300018310547,70.45469665527344,180.16543579101562,86.42324829101562,38.9390869140625,179.97520446777344,9.14209270477295,135.785888671875,36.64826583862305
2020-06-16,85.22342681884766,162.25,71.73064422607422,183.02975463867188,87.11463928222656,39.33437728881836,184.38548278808594,9.037203788757324,133.70384216308594,37.472354888916016
2020-06-17,85.10481262207031,162.55999755859375,72.03166198730469,180.06063842773438,84.91243743896484,39.17457580566406,185.02371215820312,9.20412826538086,134.25570678710938,36.25178527832031
2020-06-18,85.13868713378906,162.24000549316406,71.11821746826172,178.0084686279297,84.4515151977539,39.5193977355957,187.00506591796875,9.186190605163574,135.6771697998047,36.477230072021484
2020-06-19,84.65215301513672,164.02999877929688,70.64810180664062,176.07850646972656,83.48697662353516,38.70360565185547,185.8905487060547,9.229291915893555,135.785888671875,35.74644088745117
2020-06-22,86.86697387695312,165.08999633789062,71.93843078613281,177.64166259765625,82.58221435546875,38.46812057495117,191.05343627929688,9.493874549865723,135.80262756347656,36.0885124206543
2020-06-23,88.72116088867188,166.47999572753906,72.59895324707031,178.82931518554688,83.58942413330078,38.3840217590332,192.32981872558594,9.417387962341309,134.87442016601562,36.30620193481445
2020-06-24,87.155029296875,165.89999389648438,71.04779815673828,172.9259490966797,80.79827880859375,37.55141830444336,188.4529266357422,9.203628540039062,136.3210906982422,34.5958366394043
2020-06-25,88.31208038330078,165.8000030517578,71.46434783935547,180.85531616210938,83.61502838134766,37.786903381347656,190.83428955078125,9.457250595092773,136.71409606933594,35.11672592163086
2020-06-26,85.59862518310547,166.5399932861328,67.56854248046875,165.21495056152344,79.03138732910156,36.64311599731445,187.01455688476562,9.123407363891602,138.1773223876953,33.91169738769531
2020-06-29,87.57137298583984,166.6300048828125,69.28584289550781,168.9525909423828,79.38134765625,37.307518005371094,189.02442932128906,9.168251991271973,137.74252319335938,34.45589828491211
2020-06-30,88.30238342285156,167.3699951171875,70.3212890625,172.57666015625,80.28612518310547,37.57664108276367,193.85389709472656,9.464974403381348,137.07362365722656,34.76688003540039
2020-07-01,88.13536071777344,166.6199951171875,71.50897979736328,172.53302001953125,79.603271484375,37.694393157958984,194.98741149902344,9.497112274169922,136.807373046875,33.981666564941406
2020-07-02,88.13536071777344,166.97999572753906,72.89402770996094,172.38455200195312,79.86185455322266,37.744850158691406,196.47337341308594,9.579078674316406,136.94972229003906,34.26931381225586
2020-07-06,90.49300384521484,167.97999572753906,74.36785125732422,181.08238220214844,81.87864685058594,38.03920364379883,200.7027587890625,9.805295944213867,136.38882446289062,34.51032638549805
2020-07-07,90.21221923828125,169.0399932861328,73.88533020019531,174.09617614746094,79.56880950927734,38.02238464355469,198.3689727783203,9.837684631347656,138.305908203125,33.616275787353516
2020-07-08,92.31327819824219,170.08999633789062,74.563720703125,176.6199493408203,80.4134292602539,37.90464401245117,202.73167419433594,10.180746078491211,137.75335693359375,33.53852462768555
2020-07-09,92.71024322509766,169.6300048828125,75.31056213378906,171.88681030273438,78.67245483398438,36.929054260253906,204.1510009765625,10.472733497619629,139.94667053222656,32.15468978881836
2020-07-10,92.8724136352539,169.19000244140625,76.31970977783203,179.51048278808594,82.97322082519531,37.97193145751953,203.5318145751953,10.443087577819824,139.24346923828125,33.15758514404297
2020-07-13,92.44398498535156,169.39999389648438,74.99170684814453,182.40977478027344,84.1626205444336,38.0560302734375,197.24502563476562,10.017561912536621,139.70394897460938,33.16536331176758
2020-07-14,93.97380065917969,170.19000244140625,75.4196548461914,186.8896026611328,84.6452865600586,38.577449798583984,198.46424865722656,10.341191291809082,139.90484619140625,34.26153564453125
2020-07-15,94.62007141113281,170.33999633789062,75.22229766845703,189.41339111328125,85.95535278320312,39.023193359375,198.16897583007812,10.191957473754883,139.25181579589844,34.69690704345703
2020-07-16,93.4557876586914,168.72999572753906,75.12509155273438,187.4660186767578,86.19666290283203,38.81293869018555,194.24444580078125,10.099775314331055,139.91319274902344,34.4248046875
2020-07-17,93.26696014404297,170.1199951171875,75.2208023071289,184.61912536621094,84.60218811035156,39.376426696777344,193.25379943847656,10.16629409790039,139.6201934814453,33.833953857421875
2020-07-20,95.23249053955078,170.94000244140625,77.55104064941406,184.8811492919922,83.86095428466797,38.787696838378906,201.56005859375,10.474479675292969,139.96340942382812,33.04096603393555
2020-07-21,93.91809844970703,173.0,77.15828704833984,185.15182495117188,85.6795425415039,39.69601058959961,198.84527587890625,10.292855262756348,140.0470733642578,34.71245193481445
2020-07-22,94.18196105957031,175.6300048828125,77.60111236572266,179.89471435546875,85.05897521972656,40.77251052856445,201.70291137695312,10.402725219726562,140.4657440185547,33.903926849365234
2020-07-23,89.89513397216797,177.17999267578125,75.21583557128906,177.2923583984375,85.3089370727539,40.60430145263672,192.92990112304688,10.094793319702148,142.10658264160156,33.97389221191406
2020-07-24,89.67241668701172,178.6999969482422,74.79234313964844,175.93875122070312,84.70561218261719,40.78092575073242,191.7487335205078,10.159320831298828,142.0981903076172,33.76398849487305
2020-07-27,91.79769134521484,182.22999572753906,75.84464263916016,177.2923583984375,83.51622009277344,40.77251052856445,194.17774963378906,10.385539054870605,141.5707550048828,34.26153564453125
2020-07-28,90.28968811035156,183.75,74.56620788574219,176.0697479248047,83.87821960449219,40.52020263671875,192.43455505371094,10.180248260498047,142.55027770996094,33.85727310180664
2020-07-29,92.02037048339844,185.1300048828125,75.55107116699219,176.90814208984375,85.9122543334961,40.38564682006836,194.37779235839844,10.429383277893066,142.3074188232422,34.23044204711914
2020-07-30,93.13385772705078,183.75999450683594,76.2879867553711,174.24464416503906,83.61963653564453,40.10810470581055,194.22540283203125,10.577372550964355,143.24513244628906,32.55119323730469
2020-07-31,102.8839111328125,185.42999267578125,73.78763580322266,172.87362670898438,83.29214477539062,39.72965621948242,195.28271484375,10.578120231628418,143.1529998779297,32.714454650878906
2020-08-03,105.47632598876953,185.63999938964844,73.53026580810547,174.12237548828125,82.82672119140625,38.9390869140625,206.26559448242188,10.97225570678711,142.4322509765625,32.84660339355469
2020-08-04,106.18072509765625,189.58999633789062,73.06116485595703,176.08724975585938,82.35269927978516,39.26708221435547,203.1698455810547,11.189003944396973,143.7899932861328,33.795082092285156
2020-08-05,106.56560516357422,191.35000610351562,73.34828186035156,178.60227966308594,83.78341674804688,39.71282958984375,202.83645629882812,11.247798919677734,142.5327606201172,34.09050750732422
2020-08-06,110.28357696533203,193.88999938964844,74.63066864013672,178.36648559570312,83.80925750732422,39.93149948120117,206.08470153808594,11.29638385772705,143.32894897460938,33.92725372314453
2020-08-07,107.77618408203125,190.80999755859375,74.30438995361328,181.87705993652344,85.65369415283203,40.200618743896484,202.39828491210938,11.160848617553711,142.37362670898438,33.77175521850586
2020-08-10,109.34268951416016,190.14999389648438,74.2275161743164,182.84640502929688,86.73963165283203,40.133338928222656,198.3689727783203,11.126470565795898,141.7366485595703,34.60361099243164
2020-08-11,106.09085083007812,179.94000244140625,73.42018127441406,184.3134765625,89.4804458618164,40.30994415283203,193.73007202148438,10.812560081481934,140.05201721191406,34.961238861083984
2020-08-12,109.6167221069336,179.10000610351562,74.7442398071289,185.2479248046875,88.72196960449219,40.73045349121094,199.26434326171875,11.400772094726562,138.7781982421875,34.95329666137695
2020-08-13,111.5566635131836,183.3300018310547,75.21089172363281,181.98187255859375,88.23072052001953,40.68840408325195,198.7976531982422,11.403510093688965,137.2947998046875,34.09711456298828
2020-08-14,111.45724487304688,182.5399932861328,74.61481475830078,181.61509704589844,88.26517486572266,40.747276306152344,198.9881591796875,11.524093627929688,136.75839233398438,34.247745513916016
2020-08-17,111.16625213623047,186.5,75.1905517578125,177.33602905273438,85.93809509277344,40.545433044433594,200.30264282226562,12.294424057006836,137.10203552246094,33.803794860839844
2020-08-18,112.09257507324219,188.17999267578125,77.1513442993164,175.79904174804688,84.7400894165039,40.722049713134766,201.45523071289062,12.218438148498535,138.0825958251953,33.63731002807617
2020-08-19,112.23321533203125,182.24000549316406,76.59741973876953,177.2923583984375,84.93832397460938,39.83897399902344,200.23304748535156,12.096611976623535,137.21929931640625,33.26470184326172
2020-08-20,114.72362518310547,183.5,78.16646575927734,176.27064514160156,83.92129516601562,39.8221549987793,204.8927459716797,12.099102020263672,138.459716796875,32.757328033447266
2020-08-21,120.63560485839844,182.02999877929688,78.13274383544922,176.7771453857422,83.87821960449219,39.76329040527344,203.40316772460938,12.639729499816895,139.28944396972656,32.511566162109375
2020-08-24,122.0784683227539,181.0,78.60779571533203,181.0648651123047,86.23976135253906,40.343597412109375,204.0429229736328,12.67635440826416,139.0631561279297,33.470821380615234
2020-08-25,121.07695007324219,181.22000122070312,79.63433837890625,179.89471435546875,86.61898803710938,40.29314041137695,206.6974334716797,12.706001281738281,137.9987335205078,32.40850830078125
2020-08-26,122.72347259521484,183.36000061035156,81.53263092041016,180.96011352539062,85.40373992919922,40.50339126586914,211.16610717773438,12.72891902923584,137.4707794189453,31.718793869018555
2020-08-27,121.25640869140625,181.24000549316406,80.7585220336914,183.51881408691406,88.21347045898438,40.562252044677734,216.35098266601562,12.584671020507812,135.1325225830078,31.504751205444336
2020-08-28,121.05996704101562,184.38999938964844,81.29955291748047,181.38803100585938,88.57544708251953,41.90787887573242,218.5758514404297,13.102377891540527,135.03195190429688,32.25789260864258
2020-08-31,125.16539764404297,184.8300018310547,80.80862426757812,179.99111938476562,86.3518295288086,41.655582427978516,215.34837341308594,13.32834529876709,135.92869567871094,31.66330909729004
2020-09-01,130.1510467529297,185.0500030517578,82.07563781738281,180.5094757080078,86.30870819091797,41.31075668334961,217.0098876953125,13.777425765991211,137.4834442138672,31.258991241455078
2020-09-02,127.45452880859375,182.6199951171875,85.16560363769531,184.5332794189453,87.61016082763672,43.051658630371094,221.19210815429688,14.301267623901367,138.7923126220703,31.068729400634766
2020-09-03,117.25042724609375,181.13999938964844,80.80763244628906,182.35440063476562,87.3343505859375,42.45453643798828,207.4899444580078,12.974465370178223,139.1867218017578,31.005306243896484
2020-09-04,117.3280029296875,181.63999938964844,78.41242980957031,185.32398986816406,89.22186279296875,42.92551040649414,204.57763671875,12.5827054977417,136.543701171875,30.981521606445312
2020-09-08,109.43242645263672,181.2899932861328,75.55553436279297,177.89129638671875,86.11910247802734,41.89106750488281,193.51089477539062,11.875439643859863,137.3826904296875,30.268028259277344
2020-09-09,113.79730224609375,183.0500030517578,76.72734832763672,177.66290283203125,86.9378662109375,42.210636138916016,201.75128173828125,12.674912452697754,137.0136260986328,30.08568572998047
2020-09-10,110.08230590820312,182.4600067138672,75.67703247070312,175.7213134765625,86.0415267944336,42.05085372924805,196.09849548339844,12.272934913635254,137.70999145507812,29.332557678222656
2020-09-11,108.63705444335938,182.4499969482422,75.16676330566406,176.52076721191406,87.11026763916016,42.94233703613281,194.8190155029297,12.126148223876953,138.00363159179688,29.25327491760254
2020-09-14,111.89616394042969,183.88999938964844,74.82308197021484,176.88980102539062,88.31689453125,42.993194580078125,196.13671875,12.8316650390625,137.9952392578125,29.06300926208496
2020-09-15,112.07074737548828,183.4499969482422,76.1268081665039,173.9553985595703,85.56751251220703,43.281463623046875,199.35458374023438,12.950041770935059,137.6596221923828,28.753833770751953
2020-09-16,108.76313018798828,183.97000122070312,74.98475646972656,176.3099365234375,85.92948913574219,43.0610237121582,195.79298400878906,12.475043296813965,137.24850463867188,29.974700927734375
2020-09-17,107.02690124511719,182.9600067138672,73.74251556396484,171.1703338623047,84.94691467285156,42.857547760009766,193.7495574951172,12.42420482635498,137.66795349121094,29.96677017211914
2020-09-18,103.6319808959961,183.1999969482422,71.95974731445312,171.19667053222656,84.76595306396484,42.772769927978516,191.34335327148438,12.1508207321167,137.24017333984375,29.48318099975586
2020-09-21,106.77469635009766,179.52000427246094,70.92082977294922,170.4411163330078,82.14581298828125,41.61972427368164,193.39627075195312,12.477787017822266,137.93649291992188,28.880678176879883
2020-09-22,108.4527359008789,178.64999389648438,72.3926773071289,168.35012817382812,81.24947357177734,42.102989196777344,198.05599975585938,12.597905158996582,137.827392578125,28.16717529296875
2020-09-23,103.90357971191406,174.7899932861328,69.89185333251953,163.51808166503906,79.9307861328125,40.87363052368164,191.53433227539062,12.085524559020996,138.0120391845703,27.263418197631836
2020-09-24,104.97052764892578,175.44000244140625,70.55982971191406,171.41632080078125,79.86185455322266,41.28907775878906,194.01695251464844,12.30906867980957,138.54063415527344,27.207927703857422
2020-09-25,108.90865325927734,174.94000244140625,71.36318969726562,171.27574157714844,80.55996704101562,41.3060302734375,198.43792724609375,12.833159446716309,138.54063415527344,27.46161460876465
2020-09-28,111.50818634033203,176.6999969482422,72.33515167236328,174.8954620361328,82.87841796875,41.78081130981445,199.98477172851562,12.993903160095215,138.14622497558594,27.992774963378906
2020-09-29,110.6642837524414,178.19000244140625,72.70014190673828,172.89230346679688,82.18030548095703,41.4755973815918,197.90322875976562,13.184052467346191,138.30569458007812,27.176212310791016
2020-09-30,112.3326644897461,177.1199951171875,72.6792984008789,176.564697265625,82.97322082519531,41.857120513916016,200.83462524414062,13.48784351348877,136.98004150390625,27.215856552124023
2020-10-01,113.2832260131836,178.6999969482422,73.78517150878906,174.43861389160156,83.5765609741211,41.69602584838867,202.8684539794922,13.571576118469238,137.20596313476562,26.264530181884766
2020-10-02,109.62642669677734,178.5399932861328,72.18340301513672,175.6246337890625,84.36949157714844,41.84864807128906,196.88150024414062,13.02106761932373,136.69357299804688,26.14560890197754
2020-10-05,113.0019302368164,179.41000366210938,73.53375244140625,177.2938995361328,86.15274047851562,41.865604400634766,200.88232421875,13.599491119384766,134.02276611328125,26.748117446899414
2020-10-06,109.76222229003906,177.3000030517578,71.95628356933594,176.67013549804688,85.26546478271484,41.492557525634766,196.6141815185547,13.693192481994629,134.7450408935547,26.470651626586914
2020-10-07,111.62458038330078,177.22000122070312,72.35896301269531,178.87535095214844,86.75296783447266,42.01820373535156,200.35719299316406,13.919973373413086,133.7624053955078,26.55785369873047
2020-10-08,111.51785278320312,177.85000610351562,73.56348419189453,182.7234344482422,88.53618621826172,42.781246185302734,201.0733184814453,13.79511833190918,134.4846954345703,27.95313262939453
2020-10-09,113.45780181884766,181.0800018310547,74.9034194946289,182.33688354492188,88.03166961669922,43.077980041503906,206.06719970703125,13.719358444213867,134.45944213867188,27.540891647338867
2020-10-12,120.66472625732422,180.55999755859375,77.58822631835938,188.11782836914062,89.11031341552734,43.315372467041016,211.40484619140625,14.181146621704102,134.88784790039062,27.453689575195312
2020-10-13,117.46380615234375,177.72000122070312,77.71121215820312,185.20977783203125,87.66632080078125,42.57776641845703,212.7989044189453,14.203330039978027,135.8536834716797,27.128652572631836
2020-10-14,117.55111694335938,178.27000427246094,77.53119659423828,185.57875061035156,87.17919158935547,42.49298858642578,210.88925170898438,14.050812721252441,136.1643829345703,27.07316017150879
2020-10-15,117.08550262451172,178.9199981689453,77.1359634399414,183.2681884765625,88.48399353027344,42.38276672363281,209.74342346191406,13.925957679748535,135.9293212890625,27.310985565185547
2020-10-16,115.4462661743164,178.3000030517578,77.74246215820312,181.16839599609375,88.30132293701172,42.41667556762695,209.74342346191406,13.767953872680664,135.5513153076172,27.033519744873047
2020-10-19,112.49752807617188,178.38999938964844,75.87042999267578,180.7115020751953,86.81382751464844,42.06907272338867,204.54901123046875,13.455193519592285,135.0390167236328,26.49443244934082
2020-10-20,113.98159790039062,179.25,76.91827392578125,182.7673797607422,87.3096923828125,42.60319519042969,204.9595947265625,13.60247802734375,133.7539520263672,26.716405868530273
2020-10-21,113.36083984375,180.60000610351562,78.64945983886719,178.26913452148438,86.43981170654297,42.38276672363281,205.10281372070312,13.482110023498535,133.2920379638672,26.288305282592773
2020-10-22,112.27442932128906,178.8300018310547,79.67449188232422,180.45672607421875,89.49304962158203,42.9677734375,205.18875122070312,13.31887435913086,131.9061279296875,27.63602638244629
2020-10-23,111.58577728271484,178.63999938964844,80.9797134399414,180.14044189453125,90.30204772949219,42.832115173339844,206.46824645996094,13.547402381896973,132.71246337890625,27.081079483032227
2020-10-26,111.59546661376953,178.5500030517578,78.56515502929688,176.71408081054688,88.06646728515625,42.221683502197266,200.5958709716797,13.099818229675293,133.94712829589844,26.438941955566406
2020-10-27,113.09893035888672,179.02000427246094,79.28868865966797,171.91709899902344,86.40499114990234,42.306461334228516,203.622802734375,13.354511260986328,134.8458251953125,26.018770217895508
2020-10-28,107.86105346679688,176.1300048828125,74.92078399658203,166.72483825683594,83.9780502319336,40.66167449951172,193.530029296875,12.587188720703125,134.97177124023438,25.027803421020508
2020-10-29,111.85736083984375,175.39999389648438,77.20589447021484,166.87413024902344,84.52604675292969,40.71255111694336,195.47789001464844,12.982938766479492,133.66156005859375,26.1376895904541
2020-10-30,105.59134674072266,176.1999969482422,80.14311218261719,166.08346557617188,85.2828598022461,40.7464714050293,193.32943725585938,12.494483947753906,132.34291076660156,25.860212326049805
2020-11-02,105.50402069091797,177.91000366210938,80.55025482177734,167.1025848388672,87.20528411865234,41.221248626708984,193.19573974609375,12.541084289550781,133.33419799804688,26.946311950683594
2020-11-03,107.12389373779297,178.9199981689453,81.6084976196289,173.89389038085938,89.95410919189453,41.84016036987305,197.1106414794922,12.9784517288208,132.56072998046875,26.486507415771484
2020-11-04,111.49846649169922,178.82000732421875,86.57695007324219,173.8411407470703,87.20528411865234,41.68755340576172,206.62103271484375,13.750761032104492,135.43624877929688,26.34380531311035
2020-11-05,115.45596313476562,182.92999267578125,87.40261840820312,178.3130340576172,90.77179718017578,41.91646194458008,213.20953369140625,14.115357398986816,135.6716766357422,26.296234130859375
2020-11-06,115.32479858398438,183.19000244140625,87.2652587890625,176.8195037841797,89.56265258789062,41.9249382019043,213.62014770507812,14.516090393066406,134.03213500976562,25.987056732177734
2020-11-09,113.0219955444336,175.0800018310547,87.34906768798828,188.82943725585938,101.68875885009766,44.57015609741211,208.53074645996094,13.587775230407715,131.21542358398438,29.277063369750977
2020-11-10,112.68191528320312,175.66000366210938,86.17377471923828,191.0609893798828,101.35820007324219,45.76559066772461,201.4839324951172,12.729738235473633,130.45870971679688,29.92658042907715
2020-11-11,116.10208892822266,174.89999389648438,86.64537811279297,191.570556640625,99.84461212158203,45.42646026611328,206.77383422851562,13.37569522857666,130.9295654296875,29.61805534362793
2020-11-12,115.8300552368164,175.9600067138672,86.42668914794922,188.46043395996094,98.61809539794922,44.943199157714844,205.71392822265625,13.414324760437012,133.15768432617188,28.603181838989258
2020-11-13,115.87864685058594,177.16000366210938,87.88661193847656,192.47544860839844,99.23572540283203,45.31624221801758,206.73556518554688,13.25507640838623,132.98110961914062,29.29329490661621
2020-11-16,116.8891372680664,177.14999389648438,87.97438049316406,195.37474060058594,102.03670501708984,45.65535354614258,207.42306518554688,13.472638130187988,132.66159057617188,30.9820556640625
2020-11-17,116.00492095947266,176.5,87.3609619140625,197.3690643310547,101.00155639648438,45.51124572753906,204.77816772460938,13.379934310913086,133.5275421142578,31.3961124420166
2020-11-18,114.68350982666016,175.49000549316406,86.3185806274414,197.0615692138672,100.25344848632812,44.60406494140625,202.07839965820312,13.386411666870117,133.91433715820312,30.210739135742188
2020-11-19,115.27621459960938,175.16000366210938,87.20772552490234,197.29879760742188,100.52313232421875,45.0449333190918,203.36126708984375,13.39787769317627,134.60385131835938,30.36500358581543
2020-11-20,114.01306915283203,175.69000244140625,86.10731506347656,196.22695922851562,99.66194915771484,44.65493392944336,201.4178466796875,13.046488761901855,135.79782104492188,29.991527557373047
2020-11-23,110.62203216552734,172.22999572753906,85.6699447631836,201.04148864746094,102.53253936767578,44.66341781616211,201.1497802734375,13.098569869995117,135.1755828857422,31.956329345703125
2020-11-24,111.90457916259766,169.58999633789062,87.47205352783203,208.6585693359375,107.27335357666016,45.12124252319336,204.73983764648438,12.916897773742676,133.83035278320312,34.08349609375
2020-11-25,112.7402114868164,169.50999450683594,87.48344421386719,207.815185546875,106.1512222290039,44.87538146972656,204.74945068359375,13.193024635314941,133.41831970214844,33.13357925415039
2020-11-27,113.28430938720703,167.7899932861328,88.61856842041016,206.8135986328125,105.4466323852539,44.68037414550781,206.0514373779297,13.219438552856445,134.713134765625,32.63019943237305
2020-11-30,115.67459106445312,166.6699981689453,87.00093078613281,202.57896423339844,102.54122161865234,44.090789794921875,204.94090270996094,13.359248161315918,134.54507446289062,30.957685470581055
2020-12-01,119.24053955078125,170.17999267578125,89.03215026855469,205.00819396972656,104.15919494628906,44.46675109863281,206.98968505859375,13.347785949707031,132.56118774414062,31.25809669494629
2020-12-02,119.59031677246094,171.4600067138672,90.50051879882812,209.9284210205078,106.15992736816406,44.52655792236328,206.1854705810547,13.501798629760742,131.50904846191406,32.42723083496094
2020-12-03,119.45428466796875,172.80999755859375,90.34529876708984,208.00271606445312,105.46404266357422,45.099063873291016,205.1036834716797,13.357708930969238,132.5696258544922,32.64643478393555
2020-12-04,118.78387451171875,172.32000732421875,90.44052124023438,211.63328552246094,106.4208984375,46.01335144042969,205.2185516357422,13.519497871398926,130.6253662109375,33.839927673339844
2020-12-07,120.2413330078125,174.88999938964844,90.10676574707031,210.63510131835938,106.020751953125,45.27850341796875,205.15150451660156,13.567858695983887,131.80374145507812,33.20664978027344
2020-12-08,120.85346221923828,175.5,89.8240966796875,210.9796142578125,106.12515258789062,45.440853118896484,206.7981719970703,13.311844825744629,132.42657470703125,34.29458999633789
2020-12-09,118.32718658447266,172.5,88.16432189941406,214.49533081054688,105.29875946044922,45.569026947021484,202.76771545410156,12.893790245056152,131.9888916015625,34.749263763427734
2020-12-10,119.74578094482422,172.1699981689453,87.65802001953125,215.89102172851562,104.62023162841797,45.329769134521484,201.54229736328125,12.935169219970703,133.15872192382812,35.731651306152344
2020-12-11,118.9393310546875,172.49000549316406,88.0125732421875,211.99546813964844,104.00260925292969,45.58610916137695,204.16546630859375,12.976055145263672,133.63009643554688,35.5611572265625
2020-12-14,118.32718658447266,171.5399932861328,86.89482879638672,210.0520782470703,102.9065933227539,45.517757415771484,205.06536865234375,13.270710945129395,133.25970458984375,34.27835464477539
2020-12-15,124.25421905517578,173.94000244140625,87.33220672607422,214.1508331298828,104.66372680664062,46.00480270385742,204.99830627441406,13.322309494018555,132.8136749267578,34.94411849975586
2020-12-16,124.18621826171875,174.89999389648438,87.13929748535156,215.33453369140625,104.96820068359375,45.338321685791016,209.92874145507812,13.204647064208984,132.46026611328125,35.4799690246582
2020-12-17,125.05097198486328,176.74000549316406,86.3121337890625,215.9175262451172,104.09832763671875,45.517757415771484,210.062744140625,13.303117752075195,132.10972595214844,35.301353454589844
2020-12-18,123.06884002685547,176.44000244140625,85.6034927368164,213.88583374023438,103.5850830078125,45.91936111450195,209.26815795898438,13.234065055847168,131.7136993408203,34.69243240356445
2020-12-21,124.59429931640625,175.8800048828125,86.0170669555664,227.00360107421875,107.47345733642578,45.124698638916016,213.0975799560547,13.294142723083496,132.23609924316406,34.05914306640625
2020-12-22,128.14080810546875,174.49000549316406,85.30593872070312,220.91732788085938,105.83808135986328,45.08196258544922,214.3900146484375,13.240297317504883,132.9185791015625,33.48269271850586
2020-12-23,127.24689483642578,175.64999389648438,85.70317077636719,226.53543090820312,108.795654296875,45.35541534423828,211.5945281982422,12.972066879272461,132.00018310546875,33.91299819946289
2020-12-24,128.228271484375,176.35000610351562,85.99723052978516,226.2792510986328,108.31722259521484,45.663021087646484,213.25076293945312,12.956609725952148,132.52256774902344,33.77497863769531
2020-12-28,132.81446838378906,175.7100067138672,87.9709243774414,229.3091583251953,109.03053283691406,46.27824020385742,215.36651611328125,12.863127708435059,132.58145141601562,33.88863754272461
2020-12-29,131.04605102539062,176.35000610351562,87.16755676269531,227.91346740722656,108.74346160888672,46.25260925292969,214.59103393554688,12.906255722045898,132.41302490234375,33.50705337524414
2020-12-30,129.92864990234375,177.6999969482422,86.10087585449219,229.18551635742188,109.04792785644531,46.517486572265625,212.2263946533203,13.108175277709961,132.699462890625,33.77497863769531
2020-12-31,128.9278564453125,178.36000061035156,86.91366577148438,232.9485321044922,110.53540802001953,46.85927200317383,212.934814453125,13.017685890197754,132.8932647705078,33.46645736694336
2021-01-04,125.74085235595703,182.3300018310547,85.59902954101562,234.08810424804688,109.49156188964844,45.08196258544922,208.4065399169922,13.076017379760742,132.73321533203125,33.693790435791016
2021-01-05,127.29547882080078,182.8699951171875,86.28932189941406,239.32632446289062,110.08735656738281,44.58639144897461,208.60755920410156,13.366436958312988,131.74742126464844,35.31758499145508
2021-01-06,123.0105209350586,179.89999389648438,85.43785095214844,252.24090576171875,115.25658416748047,43.167964935302734,203.19850158691406,12.578445434570312,129.04287719726562,36.21878433227539
2021-01-07,127.20804595947266,179.47999572753906,87.9897689819336,257.62939453125,119.04150390625,42.6894416809082,208.9809112548828,13.30585765838623,127.90540313720703,36.502960205078125
2021-01-08,128.3059844970703,173.33999633789062,89.1546401977539,256.2424621582031,119.1729507446289,43.64646530151367,210.25425720214844,13.238800048828125,127.49260711669922,36.90890121459961
2021-01-11,125.32302856445312,173.0,87.09466552734375,259.55499267578125,120.95153045654297,42.894527435302734,208.215087890625,13.582565307617188,127.28199768066406,38.029327392578125
2021-01-12,125.14813995361328,174.1199951171875,86.15939331054688,266.9575500488281,122.85275268554688,42.817626953125,205.76422119140625,13.446207046508789,127.18085479736328,38.87369918823242
2021-01-13,127.17887115478516,173.3699951171875,86.6463623046875,267.6024169921875,122.96662902832031,42.8603515625,207.11407470703125,13.493070602416992,128.6132049560547,39.3121223449707
2021-01-14,125.25501251220703,173.27999877929688,85.83655548095703,271.9573669433594,123.68509674072266,42.06569290161133,203.9356689453125,13.162520408630371,127.40841674804688,40.84661865234375
2021-01-15,123.53520202636719,171.1300048828125,85.67290496826172,265.8975524902344,121.4684066772461,41.61280822753906,203.58143615722656,12.82274055480957,127.9138412475586,38.881813049316406
2021-01-19,124.20564270019531,172.5800018310547,88.49211120605469,259.8818359375,120.94273376464844,41.450462341308594,207.2098846435547,12.988021850585938,128.3267059326172,39.65312576293945
2021-01-20,128.28659057617188,175.38999938964844,93.2329330444336,256.5871276855469,119.12913513183594,41.59572982788086,214.77296447753906,13.32754898071289,128.45310974121094,40.213340759277344
2021-01-21,132.98934936523438,175.27999877929688,93.43524932861328,255.61541748046875,118.13031005859375,41.82643127441406,215.37603759765625,13.827862739562988,127.5516357421875,39.06044006347656
2021-01-22,135.1269989013672,173.89999389648438,93.8523178100586,255.63302612304688,117.2191390991211,41.43337631225586,216.31427001953125,13.67330551147461,127.96442413330078,38.50834655761719
2021-01-25,138.86781311035156,174.0500030517578,93.93760681152344,250.02374267578125,115.7559814453125,41.681182861328125,219.74163818359375,13.614226341247559,129.47256469726562,38.078041076660156
2021-01-26,139.10101318359375,173.6199951171875,94.6155014038086,248.89306640625,115.28286743164062,42.11696243286133,222.42222595214844,13.3968505859375,129.22825622558594,37.241783142089844
2021-01-27,138.03216552734375,172.52000427246094,90.20148468017578,241.44638061523438,112.02361297607422,41.467559814453125,222.96792602539062,12.88082504272461,129.55682373046875,36.81959915161133
2021-01-28,133.20310974121094,172.67999267578125,91.90045166015625,242.93922424316406,113.99493408203125,41.997337341308594,228.74072265625,13.013696670532227,128.84066772460938,37.39604568481445
2021-01-29,128.2185516357422,172.61000061035156,90.61902618408203,239.53839111328125,112.7332763671875,41.14285659790039,222.06797790527344,12.952619552612305,128.06556701660156,36.40552520751953
2021-02-01,130.33676147460938,174.22999572753906,93.87760162353516,242.68312072753906,113.56563568115234,41.42483901977539,229.43003845214844,13.199167251586914,128.2139892578125,36.47047424316406
2021-02-02,131.16265869140625,172.11000061035156,95.16943359375,253.4953155517578,117.06141662597656,41.834991455078125,229.29598999023438,13.518001556396484,127.38738250732422,37.046939849853516
2021-02-03,130.14242553710938,171.85000610351562,102.10015106201172,254.89102172851562,118.40192413330078,41.672630310058594,232.63720703125,13.491826057434082,126.25701904296875,38.5002326965332
2021-02-04,133.4945831298828,168.14999389648438,101.83979797363281,259.4844970703125,121.12674713134766,41.87770080566406,231.6893768310547,13.625192642211914,125.9196548461914,39.23906326293945
2021-02-05,133.08102416992188,169.80999755859375,103.58536529541016,259.2635803222656,120.8901596069336,42.42456817626953,231.87130737304688,13.552152633666992,124.8652114868164,40.5543327331543
2021-02-08,133.22698974609375,171.52000427246094,103.37162780761719,265.13787841796875,122.78265380859375,42.655269622802734,232.1298065185547,14.397480964660645,125.41354370117188,42.29991149902344
2021-02-09,132.35118103027344,172.0800018310547,102.91887664794922,265.4117431640625,122.29203796386719,42.46728515625,233.3743438720703,14.222482681274414,125.50631713867188,41.80450439453125
2021-02-10,131.74786376953125,172.7100067138672,103.46882629394531,268.78607177734375,122.36209106445312,42.381839752197266,232.46484375,14.722051620483398,126.34136962890625,42.209083557128906
2021-02-11,131.4948272705078,171.2100067138672,103.58140563964844,267.0547790527344,122.0203857421875,42.97998046875,234.0636444091797,15.207158088684082,125.64969635009766,41.15220260620117
2021-02-12,131.72840881347656,170.69000244140625,103.89282989501953,270.58819580078125,123.75514221191406,43.313209533691406,234.54232788085938,14.918487548828125,124.08921813964844,41.71366500854492
2021-02-16,129.60707092285156,168.24000549316406,104.66990661621094,275.57025146484375,126.73406219482422,42.954341888427734,233.30731201171875,15.286433219909668,122.19972229003906,42.96871566772461
2021-02-17,127.32028198242188,166.3300018310547,105.06266021728516,276.25927734375,127.12832641601562,42.834712982177734,234.32449340820312,14.863395690917969,122.97577667236328,43.63752746582031
2021-02-18,126.2206802368164,166.32000732421875,104.42740631103516,273.75054931640625,127.5576400756836,43.38157653808594,233.9310302734375,14.786615371704102,122.47808074951172,42.95219421386719
2021-02-19,126.37638854980469,167.00999450683594,103.5843734741211,278.8033752441406,129.6866455078125,42.817626953125,231.2250518798828,14.883835792541504,120.8501205444336,43.24120330810547
2021-02-22,122.6104736328125,169.50999450683594,101.87102508544922,279.90753173828125,130.90447998046875,43.26194763183594,225.02633666992188,14.314716339111328,119.93067932128906,44.834774017333984
2021-02-23,122.4742431640625,169.1199951171875,102.16162109375,281.9745178222656,131.9558868408203,43.18505096435547,223.83648681640625,14.101577758789062,119.58483123779297,45.454036712646484
2021-02-24,121.97795104980469,169.0,103.3364028930664,292.07122802734375,134.2776336669922,43.33030319213867,225.06472778320312,14.45755672454834,118.80040740966797,46.81642150878906
2021-02-25,117.7352523803711,165.82000732421875,99.97124481201172,289.5271911621094,132.45523071289062,42.86888885498047,219.7295684814453,13.269464492797852,116.86028289794922,46.04027557373047
2021-02-26,117.99800109863281,161.80999755859375,100.26679229736328,282.213134765625,128.94192504882812,41.86061477661133,222.9824676513672,13.675302505493164,120.72359466552734,44.8925666809082
2021-03-01,124.35232543945312,161.52999877929688,102.63471984863281,292.58001708984375,131.85948181152344,42.63818359375,227.35806274414062,13.802188873291016,119.12915802001953,46.5687141418457
2021-03-02,121.75415802001953,162.41000366210938,102.37784576416016,293.4844970703125,131.43016052246094,42.809078216552734,224.41221618652344,13.36793041229248,119.13755798339844,46.296234130859375
2021-03-03,118.7764663696289,160.6199951171875,99.74610137939453,296.57958984375,133.9709930419922,42.706546783447266,218.35740661621094,12.768149375915527,117.84542083740234,46.667789459228516
2021-03-04,116.89837646484375,159.0399932861328,100.86286163330078,292.02130126953125,131.9120635986328,42.67235565185547,217.56092834472656,12.334893226623535,117.08536529541016,48.476051330566406
2021-03-05,118.15367126464844,159.13999938964844,103.99398803710938,290.3186340332031,132.2187042236328,43.39866256713867,222.23399353027344,12.425881385803223,117.31338500976562,50.3090705871582
2021-03-08,113.22981262207031,157.49000549316406,99.55219268798828,296.3667907714844,133.9709930419922,44.12496566772461,218.19422912597656,11.560112953186035,116.40132904052734,50.2595329284668
2021-03-09,117.83255767822266,160.83999633789062,101.18173217773438,293.17413330078125,133.02479553222656,43.458473205566406,224.3258514404297,12.488775253295898,118.01435852050781,49.48338317871094
2021-03-10,116.7524185180664,161.66000366210938,100.97493743896484,303.31060791015625,135.91603088378906,43.954063415527344,223.02084350585938,12.43690299987793,118.25083923339844,51.002647399902344
2021-03-11,118.67916107177734,161.52000427246094,104.16606903076172,303.3814392089844,135.2063446044922,43.47556686401367,227.54039001464844,12.960832595825195,117.39781188964844,50.622840881347656
2021-03-12,117.77416229248047,161.49000549316406,101.6597900390625,309.3320617675781,136.80967712402344,43.38941192626953,226.21615600585938,12.823678016662598,114.9064712524414,51.16778564453125
2021-03-15,120.65454864501953,162.1999969482422,101.87995910644531,306.8843994140625,136.12631225585938,43.966670989990234,225.31417846679688,13.158085823059082,115.58209991455078,49.86320495605469
2021-03-16,122.1920394897461,162.35000610351562,103.34039306640625,303.0356140136719,134.49664306640625,44.13037872314453,228.096923828125,13.257835388183594,115.11762237548828,48.80632400512695
2021-03-17,121.40385437011719,163.50999450683594,103.25757598876953,305.9089050292969,135.88096618652344,44.147605895996094,227.4539794921875,13.307708740234375,114.25621032714844,49.02099609375
2021-03-18,117.28762817382812,162.55999755859375,100.238525390625,308.6137390136719,138.12388610839844,43.57033920288086,221.38958740234375,12.690515518188477,113.09919738769531,46.90724563598633
2021-03-19,116.76214599609375,163.24000549316406,100.51721954345703,305.2438049316406,135.92478942871094,43.777130126953125,221.03456115722656,12.813456535339355,113.8001480102539,46.64302062988281
2021-03-22,120.07070922851562,163.0,100.70220184326172,300.9250183105469,132.2713165283203,43.94083023071289,226.44644165039062,13.153099060058594,115.07537078857422,46.16412353515625
2021-03-23,119.24354553222656,161.80999755859375,101.2298355102539,294.2206115722656,130.94830322265625,44.27683639526367,227.97213745117188,13.037890434265137,116.1141586303711,45.59440231323242
2021-03-24,116.85945129394531,162.3699951171875,100.79344177246094,291.45367431640625,131.96466064453125,44.38884735107422,225.9379119873047,12.611213684082031,116.73906707763672,46.5191764831543
2021-03-25,117.34600067138672,161.77999877929688,100.78996276855469,293.13873291015625,133.6555633544922,44.81964111328125,222.944091796875,12.503732681274414,115.81858825683594,46.387062072753906
2021-03-26,117.94933319091797,162.24000549316406,100.40664672851562,290.3363037109375,135.88096618652344,45.69845199584961,226.91665649414062,12.806970596313477,115.41320037841797,47.65036392211914
2021-03-29,118.12448120117188,160.30999755859375,101.45100402832031,288.86419677734375,133.76950073242188,46.396339416503906,225.72683715820312,12.915695190429688,114.43355560302734,47.3943977355957
2021-03-30,116.67455291748047,157.57000732421875,101.4847412109375,294.4334411621094,135.3465576171875,45.793235778808594,222.47389221191406,12.839388847351074,115.03317260742188,46.80815887451172
2021-03-31,118.86405181884766,159.9600067138672,102.28065490722656,289.9905700683594,133.3751983642578,45.414127349853516,226.23533630371094,13.314690589904785,114.39132690429688,46.09806823730469
2021-04-01,119.6911849975586,161.97999572753906,105.6160888671875,290.55810546875,134.6719207763672,45.2418098449707,232.5492706298828,13.77702808380127,116.28986358642578,47.386146545410156
2021-04-05,122.51317596435547,161.9199981689453,110.03852844238281,286.92205810546875,135.3857421875,45.500282287597656,238.99752807617188,13.952332496643066,115.78246307373047,46.65127944946289
2021-04-06,122.81483459472656,163.22000122070312,109.55750274658203,290.04364013671875,134.43397521972656,45.82769775390625,237.83641052246094,13.826650619506836,116.56895446777344,46.5191764831543
2021-04-07,124.4593734741211,162.75999450683594,111.0338134765625,289.5913391113281,136.54026794433594,45.905235290527344,239.79393005371094,14.107940673828125,115.75711822509766,46.725589752197266
2021-04-08,126.85318756103516,164.50999450683594,111.59913635253906,293.6619567871094,136.7077178955078,45.76738357543945,243.0084228515625,14.281004905700684,116.71276092529297,46.23843765258789
2021-04-09,129.4221649169922,163.27000427246094,112.60283660888672,293.3692626953125,137.73007202148438,45.81907653808594,245.50332641601562,14.36379623413086,116.28986358642578,46.1310920715332
2021-04-12,127.70951080322266,162.27999877929688,111.31101989746094,294.28265380859375,137.43919372558594,45.965545654296875,245.5609130859375,15.170762062072754,116.23912048339844,45.82560348510742
2021-04-13,130.81370544433594,163.42999267578125,111.79749298095703,290.593505859375,135.79998779296875,45.741539001464844,248.0365447998047,15.640080451965332,117.1102066040039,45.998992919921875
2021-04-14,128.478271484375,162.72000122070312,111.17662811279297,297.3954162597656,133.2618408203125,45.73292541503906,245.2538299560547,15.238591194152832,116.73809051513672,47.32834243774414
2021-04-15,130.88180541992188,165.35000610351562,113.32586669921875,300.2332458496094,134.1078643798828,45.94831085205078,249.00575256347656,16.096681594848633,118.69161224365234,47.047611236572266
2021-04-16,130.55096435546875,166.35000610351562,113.2018814086914,303.5676574707031,135.103759765625,46.24987030029297,250.19554138183594,15.8724946975708,117.76982116699219,46.78339385986328
2021-04-19,131.21267700195312,165.88999938964844,113.54950714111328,304.2594299316406,134.53089904785156,46.52557373046875,248.2764434814453,15.323128700256348,117.43158721923828,46.634769439697266
2021-04-20,129.52919006347656,166.47999572753906,113.01641845703125,294.31817626953125,131.55206298828125,46.67203140258789,247.81585693359375,15.133108139038086,117.97278594970703,45.652198791503906
2021-04-21,129.9087371826172,168.1300048828125,112.98369598388672,297.3244934082031,132.67132568359375,47.0511474609375,250.0420684814453,15.321881294250488,118.2095718383789,46.23843765258789
2021-04-22,128.39071655273438,167.0399932861328,111.70277404785156,293.40472412109375,129.8776092529297,46.9046745300293,246.76992797851562,14.81291389465332,118.7254638671875,45.63568115234375
2021-04-23,130.70664978027344,166.39999389648438,114.05384826660156,300.94268798828125,132.36289978027344,46.93052673339844,250.58901977539062,15.226872444152832,118.4464340209961,45.88338851928711
2021-04-26,131.0959014892578,166.83999633789062,114.54974365234375,304.6407165527344,132.6890106201172,46.232643127441406,250.97280883789062,15.439087867736816,118.2772445678711,45.974220275878906
2021-04-27,130.7747802734375,166.4199981689453,113.61001586914062,307.3987731933594,133.29710388183594,46.16371536254883,251.37582397460938,15.34307861328125,117.2455062866211,46.57696533203125
2021-04-28,129.986572265625,166.91000366210938,116.98511505126953,308.7112731933594,134.16075134277344,46.17232894897461,244.2655029296875,15.238341331481934,117.32164001464844,47.98064041137695
2021-04-29,129.88926696777344,166.22000122070312,118.65729522705078,313.021240234375,136.76942443847656,46.74958419799805,242.29837036132812,15.28622055053711,116.97489166259766,48.66595458984375
2021-04-30,127.923583984375,165.66000366210938,116.71040344238281,309.01275634765625,135.55322265625,46.50833511352539,241.98175048828125,14.97176456451416,117.2455062866211,47.262290954589844
2021-05-03,128.9745330810547,167.80999755859375,116.19365692138672,310.529296875,135.1566162109375,46.93913650512695,241.6746826171875,14.799448013305664,117.31582641601562,48.566864013671875
2021-05-04,124.41072845458984,166.5800018310547,114.39602661132812,310.2455139160156,137.02499389648438,46.64619064331055,237.769287109375,14.315170288085938,118.1119613647461,48.87236785888672
2021-05-05,124.65401458740234,167.27000427246094,114.78975677490234,317.14495849609375,138.82286071777344,46.52557373046875,236.50267028808594,14.422148704528809,118.30668640136719,50.342105865478516
2021-05-06,126.24988555908203,170.05999755859375,115.90951538085938,324.5498962402344,141.61659240722656,46.99083709716797,239.63079833984375,14.486486434936523,118.50147247314453,50.821006774902344
2021-05-07,126.92245483398438,171.58999633789062,116.63253784179688,328.9130859375,142.10128784179688,46.9649772644043,242.2504425048828,14.775012016296387,117.9171371459961,51.54759979248047
2021-05-10,123.64729309082031,172.11000061035156,113.64820098876953,326.95318603515625,142.0836639404297,47.309627532958984,237.18389892578125,14.229887008666992,116.72297668457031,51.67146682739258
2021-05-11,122.73101806640625,172.13999938964844,112.57259368896484,319.1846618652344,139.72177124023438,46.8012809753418,236.2723388671875,14.270282745361328,116.0623779296875,50.02833557128906
2021-05-12,119.67029571533203,170.42999267578125,109.11070251464844,314.289306640625,138.7611541748047,46.56004333496094,229.33474731445312,13.72391128540039,114.8427963256836,50.2963981628418
2021-05-13,121.81475830078125,171.1300048828125,110.53840637207031,318.2003173828125,142.33042907714844,46.9649772644043,233.20176696777344,13.630892753601074,115.02066040039062,49.6765022277832
2021-05-14,124.2321548461914,172.69000244140625,112.98516845703125,327.032958984375,144.54249572753906,47.1545295715332,238.11474609375,14.207193374633789,116.09625244140625,50.90794372558594
2021-05-17,123.0819320678711,174.6999969482422,113.50785827636719,327.4586486816406,145.12416076660156,47.07698440551758,235.26483154296875,14.129884719848633,115.85063171386719,52.097503662109375
2021-05-18,121.69776916503906,175.0399932861328,112.1961898803711,323.2994689941406,143.07958984375,46.81851577758789,233.249755859375,13.980515480041504,115.55418395996094,50.62312316894531
2021-05-19,121.54181671142578,175.16000366210938,112.64398956298828,317.8189697265625,141.98670959472656,46.67203140258789,233.82681274414062,14.030387878417969,115.27474975585938,49.40843200683594
2021-05-20,124.09564971923828,175.9600067138672,114.4019775390625,319.06048583984375,141.73997497558594,47.08560562133789,237.0583953857422,14.575764656066895,116.22330474853516,49.2911491394043
2021-05-21,122.26312255859375,176.0399932861328,113.76622009277344,324.80706787109375,143.3527069091797,47.05975341796875,235.79847717285156,14.954059600830078,116.59589385986328,49.35816955566406
2021-05-24,123.89096069335938,176.35000610351562,117.08430480957031,326.60736083984375,144.12828063964844,47.21484375,241.1940155029297,15.57275104522705,117.02783203125,49.93618392944336
2021-05-25,123.69600677490234,177.9499969482422,117.17505645751953,323.2550964355469,142.63888549804688,47.20622253417969,242.09808349609375,15.60840892791748,118.1119613647461,48.805274963378906
2021-05-26,123.64729309082031,177.63999938964844,118.0399169921875,325.81805419921875,142.6212615966797,47.41300582885742,241.87686157226562,15.660530090332031,117.90864562988281,49.37491989135742
2021-05-27,122.11691284179688,177.7100067138672,117.16563415527344,329.3387451171875,144.8421630859375,47.80934524536133,239.7801971435547,15.449061393737793,117.43439483642578,49.05659484863281
2021-05-28,121.46382904052734,178.3800048828125,116.87651824951172,331.0293884277344,144.7451934814453,47.637020111083984,240.13607788085938,16.203655242919922,117.24810028076172,48.897422790527344
2021-06-01,121.14216613769531,177.89999389648438,118.08304595947266,340.30126953125,146.34039306640625,47.6284065246582,237.9432373046875,16.22360610961914,117.22176361083984,50.648250579833984
2021-06-02,121.9024658203125,178.77000427246094,117.55789184570312,341.1911315917969,146.34918212890625,47.817955017089844,237.8470458984375,16.736066818237305,117.49314880371094,51.05034637451172
2021-06-03,120.42086791992188,175.27000427246094,116.41680908203125,345.88934326171875,146.44613647460938,47.938568115234375,236.31785583496094,16.927085876464844,117.05215454101562,51.25140380859375
2021-06-04,122.71153259277344,177.16000366210938,118.69747161865234,348.3185729980469,146.68409729003906,48.45552062988281,241.20362854003906,17.534055709838867,118.65513610839844,51.47758483886719
2021-06-07,122.72128295898438,177.8699951171875,119.1303939819336,345.3910217285156,145.99667358398438,48.2832145690918,244.1082000732422,17.574703216552734,118.29041290283203,51.14250183105469
2021-06-08,123.54003143310547,177.32000732421875,118.93895721435547,342.312255859375,145.41497802734375,47.94718933105469,242.91558837890625,17.413116455078125,119.12158966064453,52.0472412109375
2021-06-09,123.92021942138672,176.97999572753906,119.41008758544922,340.6037902832031,143.5995330810547,47.80071258544922,243.89659118652344,17.31857681274414,120.17330932617188,52.482845306396484
2021-06-10,122.92597198486328,177.74000549316406,120.75843048095703,332.7378234863281,141.36099243164062,48.171207427978516,247.4070587158203,17.385173797607422,120.89421081542969,52.566619873046875
2021-06-11,124.1346664428711,175.74000549316406,120.51396942138672,336.3949890136719,141.26406860351562,48.386600494384766,248.03221130371094,17.784509658813477,120.69911193847656,52.08074188232422
2021-06-14,127.18565368652344,174.7100067138672,121.44178771972656,331.83026123046875,138.86691284179688,48.2216682434082,249.955810546875,17.977567672729492,119.77467346191406,51.99696350097656
2021-06-15,126.3668441772461,174.0500030517578,120.42420196533203,330.3887939453125,136.76060485839844,48.10014343261719,248.48426818847656,17.74784278869629,119.6305160522461,53.89019775390625
2021-06-16,126.86398315429688,171.11000061035156,119.7824935913086,330.1217346191406,137.72125244140625,47.457763671875,247.54171752929688,17.769546508789062,119.52873992919922,53.697532653808594
2021-06-17,128.46250915527344,165.85000610351562,120.74552917480469,321.66851806640625,133.7465057373047,47.7008171081543,250.9271697998047,18.614608764648438,121.31822204589844,51.92995071411133
2021-06-18,127.16613006591797,164.92999267578125,119.12641906738281,310.39459228515625,130.3623504638672,46.676490783691406,249.51336669921875,18.596149444580078,123.59979248046875,50.597984313964844
2021-06-21,128.9596710205078,166.9499969482422,120.81397247314453,318.1448974609375,132.5744171142578,47.18865966796875,252.59104919433594,18.385135650634766,121.53030395507812,52.43258285522461
2021-06-22,130.5972137451172,166.25,121.32772064208984,318.135986328125,132.3805389404297,47.362274169921875,255.36097717285156,18.84358024597168,121.8271713256836,53.43783950805664
2021-06-23,130.32437133789062,166.13999938964844,121.12590026855469,321.26806640625,133.18247985839844,46.980323791503906,255.13014221191406,19.01369285583496,121.51335144042969,53.831565856933594
2021-06-24,130.04164123535156,166.0399932861328,121.49584197998047,328.11962890625,134.4075469970703,47.21469497680664,256.4958801269531,19.161603927612305,121.7083969116211,54.04936218261719
2021-06-25,129.7491912841797,166.58999633789062,121.5042724609375,328.1374816894531,135.76467895507812,47.153934478759766,254.8897247314453,18.987506866455078,120.44471740722656,54.16665267944336
2021-06-28,131.3770294189453,166.5800018310547,121.53155517578125,328.0841064453125,136.0115203857422,47.10184860229492,258.4482727050781,19.939327239990234,121.6829833984375,52.78441619873047
2021-06-29,132.88792419433594,164.8300018310547,121.27021026611328,331.5632629394531,135.8440399169922,46.75461959838867,261.0258483886719,19.980979919433594,121.88652038574219,52.45771026611328
2021-06-30,133.50201416015625,165.6300048828125,121.08869934082031,337.7119140625,137.07786560058594,46.97163772583008,260.54486083984375,19.9567813873291,122.42939758300781,52.84306716918945
2021-07-01,133.80421447753906,166.1999969482422,121.4407958984375,333.6721496582031,138.43504333496094,46.8414306640625,261.2182312011719,20.165803909301758,122.43617248535156,52.99385452270508
2021-07-02,136.42630004882812,167.2899932861328,124.23074340820312,332.93359375,138.3021240234375,47.03239440917969,267.03692626953125,20.4401798248291,123.17494201660156,52.918453216552734
2021-07-06,138.43426513671875,168.1199951171875,125.15559387207031,329.1073913574219,135.9798126220703,46.77198028564453,267.0464782714844,20.651193618774414,124.61870574951172,51.41056823730469
2021-07-07,140.91990661621094,168.75999450683594,125.43726348876953,327.1586608886719,136.1393585205078,47.153934478759766,269.229736328125,20.3251895904541,125.72276306152344,50.60636520385742
2021-07-08,139.62347412109375,168.64999389648438,124.01898956298828,319.3906555175781,133.79046630859375,46.98899841308594,266.815673828125,19.857257843017578,126.21527862548828,50.38018035888672
2021-07-09,141.4462432861328,169.2100067138672,124.48959350585938,330.7979736328125,138.07167053222656,47.275455474853516,267.3157958984375,20.004425048828125,124.44036865234375,51.29329299926758
2021-07-12,140.85166931152344,169.0,125.93465423583984,338.5751037597656,140.04827880859375,47.29282760620117,266.7196044921875,20.465618133544922,124.27900695800781,51.2430305480957
2021-07-13,141.962890625,169.22000122070312,126.29765319824219,334.55303955078125,137.96527099609375,47.761592864990234,270.2396545410156,20.203716278076172,123.32780456542969,51.000091552734375
2021-07-14,145.38424682617188,171.0399932861328,127.1858139038086,333.1471252441406,137.49549865722656,48.8380012512207,271.71112060546875,19.796152114868164,124.72911834716797,49.869163513183594
2021-07-15,144.7311553955078,171.07000732421875,125.96391296386719,332.2128601074219,137.79689025878906,48.9942512512207,270.2877197265625,18.92290496826172,126.10486602783203,49.383296966552734
2021-07-16,142.69393920898438,169.41000366210938,125.92919158935547,324.6048583984375,134.6502227783203,48.95953369140625,270.01837158203125,18.11949348449707,125.86708068847656,48.017822265625
2021-07-19,138.85340881347656,169.61000061035156,123.55680847167969,315.6355285644531,130.271484375,48.37791442871094,266.4214172363281,18.73682975769043,128.62718200683594,46.36751937866211
2021-07-20,142.45999145507812,169.38999938964844,125.17493438720703,324.56939697265625,132.70018005371094,48.46472930908203,268.6430969238281,18.569461822509766,127.38729095458984,46.87852478027344
2021-07-21,141.72889709472656,168.75999450683594,126.50345611572266,332.3463134765625,135.49224853515625,49.08974075317383,270.64361572265625,19.36564064025879,125.77371215820312,48.38641357421875
2021-07-22,143.09359741210938,169.08999633789062,127.3687744140625,331.64337158203125,133.78155517578125,49.020294189453125,275.202392578125,19.549217224121094,126.96260833740234,47.84189987182617
2021-07-23,144.80914306640625,168.55999755859375,131.92465209960938,332.8356628417969,133.52452087402344,49.489051818847656,278.5974426269531,19.5132999420166,126.11334991455078,47.78325271606445
2021-07-26,145.2283172607422,168.16000366210938,132.936279296875,334.48187255859375,134.4197540283203,49.53246307373047,278.00115966796875,19.249902725219727,125.7397232055664,48.98957443237305
2021-07-27,143.06436157226562,168.44000244140625,130.81878662109375,333.5386047363281,134.24249267578125,49.70607376098633,275.5871276855469,19.164100646972656,127.08148193359375,48.44505310058594
2021-07-28,141.3195037841797,169.2899932861328,134.9783935546875,332.9958801269531,134.46409606933594,49.25468063354492,275.2793884277344,19.45842742919922,127.09003448486328,48.77177047729492
2021-07-29,141.962890625,171.1699981689453,134.6645050048828,335.95001220703125,135.6163787841797,49.52378463745117,275.5486145019531,19.617061614990234,126.38517761230469,49.36654281616211
2021-07-30,142.17730712890625,169.82000732421875,133.6221160888672,333.57427978515625,134.53497314453125,49.50642013549805,274.0194396972656,19.45443344116211,126.97962188720703,48.22724914550781
2021-08-02,141.84588623046875,169.61000061035156,133.7490692138672,336.51959228515625,133.9943084716797,49.37621307373047,273.9328918457031,19.70486831665039,128.11219787597656,48.235633850097656
2021-08-03,143.63946533203125,169.49000549316406,134.5182342529297,338.4504699707031,135.5188751220703,49.41093063354492,276.1448669433594,19.76971435546875,128.18020629882812,48.75501251220703
2021-08-04,143.23977661132812,169.52999877929688,134.01783752441406,336.22589111328125,134.0563201904297,48.69910430908203,275.55828857421875,20.2276611328125,128.4438018798828,47.61572265625
2021-08-05,143.34701538085938,168.86000061035156,135.13461303710938,341.956298828125,135.7493438720703,49.04634094238281,278.453125,20.58983612060547,127.78909301757812,47.91729736328125
2021-08-06,142.66366577148438,164.63999938964844,134.6258544921875,354.0489807128906,139.60508728027344,49.167877197265625,278.3955078125,20.3194522857666,125.65486907958984,48.470191955566406
2021-08-09,142.61483764648438,161.72000122070312,135.7906951904297,355.8197021484375,139.45443725585938,49.17654800415039,277.30865478515625,20.24861717224121,125.20420837402344,47.91729736328125
2021-08-10,142.1365203857422,161.77000427246094,135.68557739257812,363.018310546875,141.16510009765625,49.306758880615234,275.4909362792969,19.890432357788086,124.62610626220703,48.73826217651367
2021-08-11,142.39031982421875,164.0,135.16189575195312,368.2859802246094,142.8492431640625,49.246002197265625,275.9814758300781,19.653968811035156,124.54949188232422,48.880672454833984
2021-08-12,145.34823608398438,164.0399932861328,136.0694122314453,369.2737121582031,143.4076690673828,49.34148025512695,278.7320556640625,19.859506607055664,124.34541320800781,48.77012252807617
2021-08-13,145.5532684326172,166.38999938964844,136.5985107421875,365.5186462402344,141.80332946777344,49.68003463745117,281.6558837890625,20.141860961914062,126.30966186523438,48.27689743041992
2021-08-16,147.52516174316406,167.22000122070312,137.17575073242188,363.35638427734375,140.87257385253906,49.897056579589844,283.33905029296875,19.90440559387207,126.61569213867188,47.57106399536133
2021-08-17,146.6173553466797,166.97000122070312,135.541259765625,360.34881591796875,139.1707763671875,49.72343444824219,281.8771057128906,19.41352653503418,126.56473541259766,47.24791717529297
2021-08-18,142.87844848632812,167.10000610351562,134.33868408203125,354.858642578125,137.90322875976562,49.04634094238281,280.1521911621094,18.99648666381836,126.98977661132812,46.25294494628906
2021-08-19,143.21035766601562,166.61000061035156,134.5677947998047,350.2049255371094,136.75096130371094,49.35884475708008,285.97247314453125,19.75275230407715,127.92513275146484,44.8412971496582
2021-08-20,144.6649169921875,166.6999969482422,136.30296325683594,352.2514953613281,137.1409454345703,49.167877197265625,293.28631591796875,20.7684268951416,128.01019287109375,44.84980392456055
2021-08-23,146.1487579345703,168.72999572753906,138.89353942871094,357.21673583984375,138.89598083496094,48.9942512512207,293.5658264160156,21.907817840576172,127.92513275146484,46.695152282714844
2021-08-24,146.06088256835938,168.64999389648438,140.10354614257812,363.5433044433594,139.7557830810547,48.62097930908203,291.609619140625,21.74319076538086,126.93035125732422,47.07783889770508
2021-08-25,144.83084106445312,167.47999572753906,140.91433715820312,367.6008605957031,142.63653564453125,48.673072814941406,291.0218811035156,22.162233352661133,125.87596893310547,47.16287612915039
2021-08-26,144.0303955078125,167.6699981689453,140.28109741210938,366.96905517578125,143.3721923828125,48.212989807128906,288.2080383300781,22.017562866210938,126.22456359863281,46.52507400512695
2021-08-27,145.06515502929688,170.19000244140625,142.82354736328125,373.4469299316406,144.52450561523438,48.30847930908203,288.8151550292969,22.58426284790039,127.0833969116211,47.426490783691406
2021-08-30,149.47760009765625,169.35000610351562,143.40524291992188,368.02801513671875,142.21104431152344,48.7685546875,292.5443115234375,22.636146545410156,127.41497802734375,46.90774917602539
2021-08-31,148.21835327148438,169.69000244140625,143.51138305664062,369.7358093261719,141.77670288085938,48.881412506103516,290.89654541015625,22.337779998779297,126.5476303100586,46.36350631713867
2021-09-01,148.88211059570312,169.6999969482422,144.025146484375,369.8698425292969,141.57286071777344,49.211273193359375,290.8484191894531,22.393659591674805,126.75967407226562,45.7257080078125
2021-09-02,149.99502563476562,169.25,142.11245727539062,370.6209716796875,142.228759765625,49.28071594238281,290.1931457519531,22.348756790161133,127.31302642822266,46.839725494384766
2021-09-03,150.62957763671875,171.05999755859375,142.56121826171875,367.7687072753906,141.36903381347656,49.246002197265625,290.1835021972656,22.794809341430664,126.15518188476562,46.661136627197266
2021-09-07,152.96275329589844,167.7100067138672,143.0978240966797,366.88348388671875,141.1208038330078,48.32583236694336,289.2584228515625,22.61419677734375,125.09100341796875,46.38901901245117
2021-09-08,151.42031860351562,167.2899932861328,142.51315307617188,362.1266784667969,140.491455078125,48.976890563964844,289.28729248046875,22.2918758392334,125.94239807128906,45.96382141113281
2021-09-09,150.405029296875,168.02999877929688,142.3643798828125,361.7510986328125,141.1030731201172,48.49076843261719,286.4350280761719,22.130218505859375,127.46630096435547,45.997833251953125
2021-09-10,145.42633056640625,167.17999267578125,139.72120666503906,360.7676086425781,139.48098754882812,48.27375411987305,284.9510192871094,22.430578231811523,126.34257507324219,45.90428924560547
2021-09-13,145.9925537109375,167.74000549316406,141.16575622558594,365.9356384277344,141.69692993164062,48.673072814941406,286.1844482421875,22.10527229309082,127.10871887207031,47.086334228515625
2021-09-14,144.5965576171875,168.82000732421875,141.3760223388672,360.9552917480469,139.22393798828125,48.708045959472656,288.88262939453125,22.195079803466797,128.6497039794922,46.41453170776367
2021-09-15,145.4849090576172,167.8300018310547,143.24557495117188,359.3995056152344,140.1901092529297,48.87422180175781,293.7295837402344,22.293874740600586,128.19847106933594,47.979244232177734
2021-09-16,145.25062561035156,164.02999877929688,142.43280029296875,354.6873779296875,140.12808227539062,48.410682678222656,294.1150207519531,22.195079803466797,127.61102294921875,47.46902084350586
2021-09-17,142.58554077148438,163.77000427246094,139.64584350585938,350.0199890136719,139.76463317871094,47.61476516723633,288.95965576171875,21.85379981994629,126.9980697631836,46.90774917602539
2021-09-20,139.53981018066406,164.94000244140625,137.58238220214844,338.1011047363281,135.58091735839844,47.28240203857422,283.59228515625,21.068462371826172,128.5730743408203,45.657676696777344
2021-09-21,140.0181427001953,166.0399932861328,137.893310546875,336.0535888671875,135.59864807128906,47.27365493774414,284.0741271972656,21.201181411743164,128.4623565673828,45.615150451660156
2021-09-22,142.38058471679688,165.4199981689453,139.13356018066406,344.6640625,138.1957550048828,47.34363555908203,287.7166442871094,21.894712448120117,129.22862243652344,46.95026779174805
2021-09-23,143.33726501464844,163.50999450683594,140.05844116210938,350.3775939941406,142.86697387695312,47.26492691040039,288.6610107421875,22.434572219848633,126.30844116210938,48.5405158996582
2021-09-24,143.42507934570312,163.3000030517578,141.04922485351562,349.47454833984375,144.51565551757812,47.13371276855469,288.4586181640625,22.0344181060791,125.07400512695312,48.974212646484375
2021-09-27,141.91201782226562,163.63999938964844,139.9156036376953,357.48602294921875,148.00799560546875,46.888824462890625,283.46710205078125,21.61430549621582,124.6142807006836,50.42839431762695
2021-09-28,138.53427124023438,162.0500030517578,134.7165985107422,348.2674560546875,147.2102508544922,46.040435791015625,273.2045593261719,20.65533447265625,122.67310333251953,50.955631256103516
2021-09-29,139.43240356445312,161.32000732421875,133.25216674804688,344.1455078125,147.09503173828125,46.3203125,273.6671142578125,20.473716735839844,122.88592529296875,50.9216194152832
2021-09-30,138.13404846191406,164.22000122070312,132.5802001953125,338.0115966796875,145.09181213378906,45.89175033569336,271.662841796875,20.67229652404785,122.86894226074219,50.02019500732422
2021-10-01,139.25668334960938,164.58999633789062,135.42372131347656,339.77313232421875,148.1409912109375,46.37278747558594,278.5815124511719,20.698246002197266,123.90294647216797,51.814537048339844
2021-10-04,135.83018493652344,165.36000061035156,132.56385803222656,334.5423889160156,147.9813995361328,46.3465576171875,272.8094787597656,19.690372467041016,123.58753967285156,52.48634719848633
2021-10-05,137.75331115722656,164.58999633789062,134.90797424316406,344.9681091308594,150.39797973632812,46.42527770996094,278.2538757324219,20.40785789489746,122.39411926269531,52.40129852294922
2021-10-06,138.62216186523438,165.02999877929688,136.43736267089844,346.9709777832031,150.71897888183594,46.976287841796875,282.4456481933594,20.656333923339844,123.08455657958984,51.44035720825195
2021-10-07,139.88145446777344,164.16000366210938,138.08375549316406,349.26885986328125,151.67311096191406,47.12497329711914,284.1224060058594,21.030546188354492,121.79740905761719,51.58492660522461
2021-10-08,139.50071716308594,164.22999572753906,138.63963317871094,351.22705078125,151.78903198242188,47.33488845825195,284.1224060058594,20.78705406188965,120.94491577148438,52.87752151489258
2021-10-11,139.4128875732422,163.9199981689453,137.77528381347656,344.4583435058594,148.59671020507812,47.431095123291016,283.52496337890625,20.65134048461914,120.63807678222656,52.35028076171875
2021-10-12,138.14381408691406,164.66000366210938,135.3304901123047,345.6119079589844,147.45530700683594,47.431095123291016,282.2240295410156,20.627395629882812,122.70094299316406,52.07815170288086
2021-10-13,137.55807495117188,167.58999633789062,136.4542236328125,345.4151611328125,143.56736755371094,47.439842224121094,285.52923583984375,20.894824981689453,123.89442443847656,51.93358612060547
2021-10-14,140.3402557373047,168.0,139.99395751953125,349.7874450683594,145.76991271972656,47.76346206665039,291.73486328125,21.70012855529785,124.35478973388672,52.724449157714844
2021-10-15,141.39459228515625,165.3300018310547,140.2091827392578,363.08331298828125,148.5699462890625,47.64975357055664,293.14178466796875,21.81588363647461,123.63021850585938,53.2261848449707
2021-10-18,143.06393432617188,164.9199981689453,141.6076202392578,369.896728515625,148.51646423339844,47.17745590209961,296.1097106933594,22.17512321472168,124.20983123779297,53.2006721496582
2021-10-19,145.2213592529297,165.4499969482422,142.0628662109375,368.52862548828125,150.31768798828125,47.36112976074219,297.01556396484375,22.24298095703125,122.4963607788086,54.00004577636719
2021-10-20,145.70945739746094,166.89999389648438,140.6068878173828,364.7106018066406,152.34188842773438,47.780941009521484,296.2253723144531,22.056373596191406,121.66957092285156,54.29767990112305
2021-10-21,145.9241943359375,166.75,140.72293090820312,364.4424743652344,151.1470184326172,47.53603744506836,299.4534606933594,22.64413070678711,121.524658203125,53.311222076416016
2021-10-22,145.15301513671875,167.77000427246094,136.4388427734375,370.4600524902344,153.1800994873047,47.62351989746094,297.9116516113281,22.678054809570312,122.86295318603516,53.67689514160156
2021-10-25,145.10421752929688,168.92999267578125,136.32032775878906,370.8444519042969,152.43109130859375,47.431095123291016,296.9192199707031,23.117130279541016,122.67544555664062,54.72288131713867
2021-10-26,145.7680206298828,167.67999267578125,138.16656494140625,373.401611328125,152.8412628173828,47.6410026550293,298.82708740234375,24.664854049682617,123.68982696533203,55.989952087402344
2021-10-27,145.30923461914062,168.1199951171875,145.01893615722656,367.4825439453125,149.65785217285156,48.559364318847656,311.4120178222656,24.3994197845459,125.94031524658203,54.53578567504883
2021-10-28,148.9407501220703,168.0800018310547,144.6534423828125,370.9071044921875,151.9138946533203,49.01416778564453,312.54901123046875,24.888391494750977,125.51403045654297,54.6888542175293
2021-10-29,146.23658752441406,166.64999389648438,146.8324432373047,369.5926513671875,151.49478149414062,49.30279541015625,319.55450439453125,25.513065338134766,125.89769744873047,54.824928283691406
2021-11-01,145.41661071777344,167.52000427246094,142.32070922851562,372.5880432128906,151.41453552246094,49.12786865234375,317.3863525390625,25.77251625061035,124.99124908447266,55.811378479003906
2021-11-02,146.45138549804688,167.16000366210938,144.2403564453125,378.9811706542969,152.01199340820312,49.066646575927734,321.00958251953125,26.345308303833008,125.54598236083984,55.12255859375
2021-11-03,147.8863983154297,165.77000427246094,145.39630126953125,373.6610412597656,152.06546020507812,49.23283386230469,321.84796142578125,26.541894912719727,124.24864196777344,54.36570739746094
2021-11-04,147.3690185546875,167.64999389648438,147.05213928222656,364.8716125488281,150.06802368164062,49.50395584106445,324.1991882324219,29.73813247680664,125.5545425415039,54.773902893066406
2021-11-05,147.89694213867188,169.83999633789062,147.6318359375,363.9864501953125,149.85401916503906,49.7138786315918,323.83294677734375,29.689237594604492,127.43233489990234,55.29264831542969
2021-11-08,147.0757293701172,170.4499969482422,147.8093719482422,365.1130676269531,150.7546844482422,49.26780700683594,324.7290954589844,30.739017486572266,127.19332122802734,55.887916564941406
2021-11-09,147.4374542236328,171.2899932861328,147.6977996826172,362.4395751953125,149.6132354736328,49.40775680541992,323.7270202636719,30.592329025268555,128.84918212890625,56.43216323852539
2021-11-10,144.61207580566406,173.14999389648438,144.69757080078125,356.8690490722656,149.47056579589844,49.608924865722656,318.7643127441406,29.396852493286133,126.4934310913086,55.32041549682617
2021-11-11,144.5631561279297,174.1199951171875,144.57162475585938,359.7481994628906,149.46165466308594,49.62641525268555,320.3350524902344,30.32589340209961,126.3056869506836,55.42383575439453
2021-11-12,146.63580322265625,174.4499969482422,147.45925903320312,362.0461120605469,148.79286193847656,49.51271057128906,324.4689636230469,30.32589340209961,125.7508316040039,55.00154113769531
2021-11-15,146.64556884765625,174.17999267578125,147.235107421875,361.9567565917969,148.52536010742188,49.521446228027344,323.8426208496094,29.961660385131836,124.17179107666016,55.475547790527344
2021-11-16,147.62319946289062,172.9199981689453,146.66383361816406,360.4188232421875,147.45530700683594,49.17160415649414,327.1575622558594,30.1392822265625,123.85602569580078,56.035736083984375
2021-11-17,150.0575408935547,174.5,146.8334197998047,350.1004943847656,146.66165161132812,48.90047073364258,327.3794860839844,29.19927406311035,124.83757019042969,55.42383575439453
2021-11-18,154.33953857421875,173.94000244140625,148.61024475097656,349.93951416015625,145.3953857421875,48.46315383911133,329.4551086425781,31.608179092407227,125.30695343017578,54.82056427001953
2021-11-19,156.95962524414062,172.61000061035156,147.7056884765625,346.3808288574219,143.49603271484375,48.21826171875,331.2313537597656,32.9154167175293,126.63002014160156,52.28681182861328
2021-11-22,157.4191131591797,168.74000549316406,145.10272216796875,354.22247314453125,146.5546417236328,48.51563262939453,328.0649108886719,31.88858413696289,125.14478302001953,53.0107307434082
2021-11-23,157.80044555664062,167.27999877929688,144.58697509765625,363.3247375488281,150.05909729003906,48.87422180175781,325.98931884765625,31.679035186767578,123.33538055419922,54.40690231323242
2021-11-24,158.31854248046875,167.1199951171875,144.9221954345703,356.931640625,148.88206481933594,48.48065185546875,326.21142578125,32.60508346557617,125.31556701660156,54.708526611328125
2021-11-26,153.30328369140625,166.85000610351562,141.0175018310547,348.1690673828125,144.3966827392578,46.993778228759766,318.26629638671875,31.436542510986328,128.4821014404297,52.78667068481445
2021-11-29,156.6565704345703,166.6199951171875,144.3375244140625,345.6208190917969,143.7724609375,47.737213134765625,324.9756164550781,33.305599212646484,127.44940185546875,53.07968521118164
2021-11-30,161.60337829589844,165.5,140.73434448242188,340.6583251953125,141.63235473632812,46.23000717163086,319.1448059082031,32.60707092285156,129.3869171142578,51.57149124145508
2021-12-01,161.08523559570312,166.16000366210938,139.895263671875,338.4021911621094,140.7941131591797,46.09779357910156,318.65240478515625,31.372526168823242,130.18505859375,51.52839279174805
2021-12-02,160.0978240966797,165.24000549316406,141.79408264160156,348.3435974121094,143.75460815429688,46.77647018432617,318.0828857421875,32.062156677246094,130.34750366210938,52.8125114440918
2021-12-03,158.22079467773438,166.6300048828125,140.83746337890625,344.0201416015625,141.15077209472656,47.19073486328125,311.8272399902344,30.631999969482422,131.9027557373047,52.476409912109375
2021-12-06,161.62298583984375,166.22000122070312,141.98150634765625,349.9255676269531,142.8183135986328,48.39827346801758,314.89715576171875,29.977306365966797,130.09104919433594,53.07106399536133
2021-12-07,167.35191345214844,166.80999755859375,146.06227111816406,359.6421813964844,144.96739196777344,48.662689208984375,323.3249206542969,32.36255645751953,129.03997802734375,53.665714263916016
2021-12-08,171.16470336914062,166.89999389648438,146.97177124023438,357.1343994140625,143.30877685546875,48.47760009765625,323.3731689453125,31.76274871826172,126.8095703125,53.82085037231445
2021-12-09,170.6563262939453,165.8800048828125,146.4282684326172,356.3883056640625,143.08583068847656,48.35420227050781,321.56793212890625,30.429405212402344,127.51882934570312,53.958744049072266
2021-12-10,175.4369354248047,166.5800018310547,146.78831481933594,351.5075378417969,142.51515197753906,49.605812072753906,330.68115234375,30.137983322143555,127.21114349365234,54.303470611572266
2021-12-13,171.8099365234375,167.0,144.63113403320312,345.7369079589844,140.82086181640625,50.91029739379883,327.6497802734375,28.10503578186035,129.0912628173828,53.114158630371094
2021-12-14,170.43148803710938,165.44000244140625,142.72735595703125,349.4941711425781,141.89987182617188,50.945552825927734,316.9726867675781,28.280685424804688,128.7835693359375,53.03659439086914
2021-12-15,175.2903594970703,166.14999389648438,145.2405548095703,350.473876953125,140.83872985839844,51.17471694946289,323.0643005371094,30.398468017578125,127.54438781738281,52.803897857666016
2021-12-16,168.4077606201172,168.16000366210938,143.26095581054688,357.1793212890625,143.04122924804688,51.69475173950195,313.65179443359375,28.33057975769043,127.59408569335938,52.89008331298828
2021-12-17,167.31280517578125,167.8000030517578,140.563232421875,343.1841125488281,139.7864532470703,50.883853912353516,312.58984375,27.74574851989746,129.03994750976562,51.7352294921875
2021-12-20,165.9539031982422,167.08999633789062,140.44619750976562,334.0247802734375,137.2718048095703,50.71638107299805,308.8345642089844,27.663911819458008,128.07315063476562,50.98544692993164
2021-12-21,169.12142944335938,167.02000427246094,142.2964324951172,341.85382080078125,139.18902587890625,50.91911315917969,315.9590759277344,29.0172176361084,127.58555603027344,52.14029312133789
2021-12-22,171.71217346191406,168.58999633789062,145.21481323242188,343.6604919433594,139.7329559326172,51.280487060546875,321.6644592285156,29.341569900512695,128.1758575439453,52.562591552734375
2021-12-23,172.3378448486328,168.97000122070312,145.71218872070312,346.09649658203125,140.2323455810547,51.31574249267578,323.10284423828125,29.581092834472656,127.06368255615234,52.58843994140625
2021-12-27,176.2973175048828,169.3699951171875,146.69407653808594,348.7929992675781,141.0348663330078,51.69475173950195,330.5942077636719,30.883501052856445,127.37162780761719,53.33823013305664
2021-12-28,175.28053283691406,168.63999938964844,145.4845733642578,348.406494140625,141.46290588378906,51.89747619628906,329.43572998046875,30.26173973083496,126.8668212890625,53.165863037109375
2021-12-29,175.3685302734375,168.58999633789062,145.4528350830078,347.1390686035156,141.39158630371094,51.95917510986328,330.1115417480469,29.941375732421875,125.48094177246094,52.700477600097656
2021-12-30,174.21493530273438,169.8000030517578,145.00205993652344,346.52789306640625,141.32020568847656,51.80933380126953,327.57257080078125,29.527206420898438,126.53314971923828,52.390220642089844
2021-12-31,173.59902954101562,170.9600067138672,143.6646270751953,343.8583068847656,141.2042999267578,52.18833923339844,324.676513671875,29.35254669189453,126.78130340576172,52.734954833984375
2022-01-03,177.93971252441406,168.3300018310547,143.80296325683594,355.3456726074219,144.1915740966797,52.267669677734375,323.1607971191406,30.061138153076172,123.45327758789062,54.76024627685547
2022-01-04,175.68138122558594,169.57000732421875,143.21585083007812,366.2668151855469,149.65785217285156,53.14026641845703,317.6195373535156,29.23179054260254,122.93999481201172,56.81999969482422
2022-01-05,171.00828552246094,169.05999755859375,136.6456298828125,358.3118896484375,146.92176818847656,53.58097457885742,305.4267272949219,27.54913902282715,122.27264404296875,57.52668762207031
2022-01-06,168.15359497070312,166.99000549316406,136.61834716796875,356.7838439941406,148.48269653320312,53.298919677734375,303.01324462890625,28.121997833251953,122.58924865722656,58.879737854003906
2022-01-07,168.3197784423828,167.75,135.89382934570312,357.30517578125,149.95387268066406,53.17551803588867,303.16778564453125,27.192852020263672,121.7079849243164,59.36236572265625
2022-01-10,168.33934020996094,168.25999450683594,137.5327911376953,358.79730224609375,150.09742736816406,53.26365661621094,303.3898010253906,27.345548629760742,122.00743103027344,59.009029388427734
2022-01-11,171.16470336914062,170.2899932861328,138.59054565429688,362.28485107421875,150.24989318847656,53.281288146972656,304.0752868652344,27.761720657348633,122.82019805908203,61.49107360839844
2022-01-12,171.60462951660156,170.74000549316406,140.27114868164062,350.83343505859375,151.1021270751953,53.36061096191406,307.25128173828125,27.943357467651367,122.3496322631836,61.31010055541992
2022-01-13,168.33934020996094,170.16000366210938,137.45098876953125,351.2738952636719,150.91372680664062,53.67792510986328,294.2477111816406,26.522184371948242,123.43623352050781,60.87055587768555
2022-01-14,169.19967651367188,169.6699981689453,138.33714294433594,342.4110412597656,141.63807678222656,54.10981369018555,299.4607238769531,26.888460159301758,121.5711441040039,61.939231872558594
2022-01-18,166.00277709960938,169.38999938964844,134.88319396972656,318.55548095703125,135.69947814941406,53.67792510986328,292.17205810546875,25.85152244567871,119.86006927490234,62.98204040527344
2022-01-19,162.51260375976562,172.0800018310547,134.00889587402344,312.1914978027344,133.6002960205078,53.76606750488281,292.82855224609375,25.017183303833008,120.68994903564453,63.00788116455078
2022-01-20,160.83108520507812,171.64999389648438,132.21473693847656,312.892578125,132.46104431152344,53.54570770263672,291.15838623046875,24.102001190185547,121.43424224853516,63.14577102661133
2022-01-21,158.7780303955078,171.08999633789062,129.28297424316406,309.12640380859375,130.14663696289062,53.281288146972656,285.7812805175781,23.327545166015625,122.88006591796875,62.19778060913086
2022-01-24,158.0056915283203,172.02999877929688,129.73178100585938,308.6589660644531,130.02996826171875,52.84939193725586,286.1095275878906,23.325550079345703,121.87059020996094,62.732120513916016
2022-01-25,156.20684814453125,172.5800018310547,125.89450073242188,307.0050354003906,131.44735717773438,52.725990295410156,278.5023498535156,22.279634475708008,121.67381286621094,64.57640075683594
2022-01-26,156.1188507080078,169.7899932861328,128.1736602783203,308.02081298828125,132.69432067871094,52.5320930480957,286.4377746582031,22.726747512817383,120.20230102539062,63.92141342163086
2022-01-27,155.65936279296875,167.60000610351562,127.9475326538086,306.5376281738281,130.3529510498047,52.5761604309082,289.45941162109375,21.900392532348633,122.40953063964844,64.74015808105469
2022-01-28,166.5209197998047,167.10000610351562,132.25787353515625,311.9128723144531,131.51913452148438,53.62504196166992,297.5879211425781,22.79460906982422,122.45234680175781,64.87804412841797
2022-01-31,170.8714141845703,168.08999633789062,134.1943817138672,318.8070373535156,133.3042755126953,53.774879455566406,300.2137145996094,24.437334060668945,121.81926727294922,65.46407318115234
2022-02-01,170.7052001953125,168.22999572753906,136.5156707763672,327.2384033203125,135.59182739257812,53.37824630737305,298.07061767578125,24.589038848876953,121.41486358642578,69.66116333007812
2022-02-02,171.90769958496094,168.83999633789062,146.7868194580078,326.3395690917969,134.50636291503906,53.924720764160156,302.6077880859375,25.191837310791016,121.8260269165039,69.48017883300781
2022-02-03,169.033447265625,168.60000610351562,141.9170379638672,322.5823059082031,133.39401245117188,54.30373001098633,290.8205871582031,23.900405883789062,120.87517547607422,68.67005920410156
2022-02-04,168.74957275390625,168.86000061035156,142.11839294433594,330.4202880859375,136.85665893554688,53.73080825805664,295.3481750488281,24.27066993713379,119.0931396484375,70.16101837158203
2022-02-07,168.03501892089844,170.11000061035156,138.05995178222656,330.9146728515625,137.31419372558594,54.2949104309082,290.5309753417969,24.67885971069336,119.17027282714844,71.00559997558594
2022-02-08,171.13807678222656,170.6300048828125,138.25633239746094,332.66748046875,139.8977508544922,54.64746856689453,294.0159912109375,25.058103561401367,118.37350463867188,69.16991424560547
2022-02-09,172.55743408203125,171.2100067138672,140.43133544921875,336.6494445800781,140.48086547851562,53.80131912231445,300.4357604980469,26.651927947998047,118.59624481201172,68.83879089355469
2022-02-10,168.48529052734375,170.55999755859375,137.48367309570312,333.0899963378906,139.8977508544922,54.10100555419922,291.9114074707031,25.77267837524414,116.71141052246094,68.17654418945312
2022-02-11,165.0787811279297,173.80999755859375,133.18174743652344,326.3395690917969,138.07669067382812,53.14026641845703,284.82562255859375,23.901403427124023,118.44203186035156,69.89315032958984
2022-02-14,165.313720703125,174.74000549316406,134.41506958007812,323.8047180175781,136.79388427734375,53.48401641845703,284.7869567871094,24.21877670288086,116.96847534179688,68.82136535644531
2022-02-15,169.14112854003906,173.0800018310547,135.48870849609375,327.1305236816406,138.79434204101562,53.686744689941406,290.0675964355469,26.442344665527344,115.64054107666016,67.9587173461914
2022-02-16,168.90621948242188,174.86000061035156,136.6089324951172,323.6339416503906,139.04556274414062,53.67792510986328,289.72900390625,26.458314895629883,116.32591247558594,68.27239227294922
2022-02-17,165.313720703125,177.25,131.4525604248047,313.7554931640625,135.84298706054688,54.75324249267578,281.2450866699219,24.45829200744629,117.19120788574219,68.16783905029297
2022-02-18,163.7670440673828,177.1199951171875,129.3340606689453,311.04095458984375,136.47991943359375,55.123435974121094,278.5364685058594,23.595012664794922,118.4249038696289,67.40975189208984
2022-02-22,160.8499755859375,177.49000549316406,128.74940490722656,309.449951171875,136.2377166748047,54.89426803588867,278.3333740234375,23.34351348876953,118.73329162597656,66.6255111694336
2022-02-23,156.6897430419922,178.2899932861328,126.54212951660156,306.6814880371094,133.38502502441406,54.28609085083008,271.1263427734375,22.34250259399414,117.09699249267578,66.89561462402344
2022-02-24,159.30335998535156,177.13999938964844,131.603271484375,305.7826232910156,129.67115783691406,53.334171295166016,284.9792175292969,23.700801849365234,117.174072265625,66.05038452148438
2022-02-25,161.36880493164062,176.5500030517578,133.35728454589844,314.7082824707031,132.73916625976562,55.39667892456055,287.6104431152344,24.108989715576172,117.25975036621094,67.82798767089844
2022-02-28,161.63308715820312,178.3800048828125,133.9499053955078,306.77130126953125,127.20423889160156,54.8590202331543,289.0422058105469,24.336536407470703,119.82990264892578,68.33340454101562
2022-03-01,159.75364685058594,181.6199951171875,132.9625701904297,296.7442626953125,122.40492248535156,54.621028900146484,285.32745361328125,23.430343627929688,121.21536254882812,68.9869384765625
2022-03-02,163.0426788330078,179.72999572753906,133.46839904785156,304.1402893066406,124.943603515625,55.026485443115234,290.3964538574219,24.175983428955078,117.07193756103516,70.1719970703125
2022-03-03,162.7196502685547,180.8000030517578,132.80189514160156,301.4639587402344,124.0555191040039,55.06173324584961,286.2657470703125,23.6709041595459,118.2643051147461,70.61640167236328
2022-03-04,159.72430419921875,183.67999267578125,130.82521057128906,298.07342529296875,120.56591033935547,55.14987564086914,280.4035339355469,22.894319534301758,120.3060302734375,73.27410888671875
2022-03-07,155.93603515625,186.41000366210938,125.3425521850586,291.0390625,115.91016387939453,53.836578369140625,269.81072998046875,21.31319808959961,119.38816833496094,75.91439056396484
2022-03-08,154.11534118652344,191.50999450683594,126.06258392333984,290.5688781738281,115.09380340576172,51.70356369018555,266.8505554199219,21.47490119934082,118.18717193603516,76.48949432373047
2022-03-09,159.50894165039062,185.82000732421875,132.32632446289062,301.61767578125,119.7047348022461,51.967987060546875,279.08782958984375,22.9721736907959,117.02899169921875,72.14132690429688
2022-03-10,155.17250061035156,186.39999389648438,131.34396362304688,298.2813415527344,118.2873764038086,51.01606369018555,276.2728271484375,22.616825103759766,115.34764862060547,74.38075256347656
2022-03-11,151.4625244140625,185.08999633789062,128.80592346191406,295.6593017578125,115.62309265136719,51.05132293701172,270.9328918457031,22.05983543395996,115.73370361328125,73.9973373413086
2022-03-14,147.43931579589844,182.3000030517578,124.91854858398438,293.8329162597656,116.77131652832031,51.992767333984375,267.4212951660156,21.29123878479004,113.03140258789062,71.34838104248047
2022-03-15,151.8148956298828,178.88999938964844,128.13894653320312,297.61224365234375,118.84353637695312,52.95197296142578,277.7819519042969,22.931249618530273,112.83411407470703,67.28775024414062
2022-03-16,156.21987915039062,180.00999450683594,132.18797302246094,308.1004943847656,124.15418243408203,52.809871673583984,284.78570556640625,24.45148277282715,113.94071960449219,67.03504180908203
2022-03-17,157.22813415527344,180.88999938964844,132.74192810058594,310.36981201171875,125.72408294677734,53.36941146850586,285.588623046875,24.720989227294922,113.09144592285156,68.82136535644531
2022-03-18,160.51718139648438,179.3000030517578,135.00965881347656,312.2776794433594,125.67921447753906,53.3782958984375,290.6286926269531,26.404924392700195,114.47260284423828,68.5512466430664
2022-03-21,161.8876190185547,180.6699981689453,134.98582458496094,306.5091552734375,125.27550506591797,53.80460739135742,289.4001159667969,26.68541717529297,111.82181549072266,71.62720489501953
2022-03-22,165.2550048828125,179.36000061035156,138.72145080566406,310.1347961425781,127.93983459472656,54.00000762939453,294.1402587890625,26.475797653198242,110.38919830322266,71.31350708007812
2022-03-23,166.61561584472656,181.80999755859375,137.14199829101562,303.4440002441406,125.39217376708984,53.64474105834961,289.7193298339844,25.587417602539062,112.80838012695312,72.43759155273438
2022-03-24,170.39407348632812,183.1300048828125,140.4114990234375,304.0046691894531,126.20848083496094,54.15987014770508,294.17889404296875,28.098838806152344,111.92477416992188,72.65543365478516
2022-03-25,171.03038024902344,182.3800048828125,140.5116729736328,305.14385986328125,127.31189727783203,54.64836120605469,293.7725830078125,27.64167594909668,110.37205505371094,74.2413330078125
2022-03-28,171.89183044433594,179.05999755859375,140.2959747314453,303.1637878417969,126.36995697021484,54.99473571777344,300.5636291503906,28.16771697998047,111.31565856933594,72.15875244140625
2022-03-29,175.18081665039062,179.13999938964844,141.3373260498047,307.10589599609375,126.64803314208984,55.20789337158203,305.1199035644531,28.60392189025879,112.1563720703125,71.77534484863281
2022-03-30,174.01600646972656,180.5800018310547,140.77499389648438,303.42596435546875,126.07393646240234,55.25230407714844,303.6205139160156,27.639680862426758,113.03140258789062,73.00397491455078
2022-03-31,170.9226837158203,180.64999389648438,137.92755126953125,298.4621276855469,122.28827667236328,55.0657844543457,298.2514953613281,27.236413955688477,113.30590057373047,71.967041015625
2022-04-01,170.6290283203125,179.5,139.0016632080078,298.5706787109375,121.38227844238281,55.83848190307617,299.3253479003906,26.663454055786133,113.73722839355469,72.42886352539062
2022-04-04,174.67181396484375,180.3699951171875,141.79953002929688,296.7532958984375,121.9205093383789,55.5453987121582,304.6943359375,27.31027603149414,112.94676971435547,72.46373748779297
2022-04-05,171.36317443847656,179.24000549316406,139.4385528564453,292.91064453125,120.50166320800781,55.48322296142578,300.73773193359375,25.88387107849121,110.39505767822266,72.08905029296875
2022-04-06,168.201416015625,179.66000366210938,135.42869567871094,285.9486389160156,118.82979583740234,56.04276657104492,289.72900390625,24.36264419555664,109.50152587890625,72.89070892333984
2022-04-07,168.50485229492188,180.33999633789062,134.7745819091797,284.0408020019531,118.46830749511719,56.34474182128906,291.53802490234375,24.16400718688965,108.67671966552734,74.1106185913086
2022-04-08,166.49813842773438,181.47000122070312,132.19491577148438,290.58697509765625,120.6372299194336,56.69112014770508,287.2815246582031,23.076984405517578,107.49962615966797,75.67039489746094
2022-04-11,162.24978637695312,182.3699951171875,127.76750183105469,290.0173645019531,120.19438934326172,56.67335891723633,275.9535827636719,21.877172470092773,105.79846954345703,73.06497192382812
2022-04-12,164.11947631835938,183.77000427246094,126.66759490966797,289.1312561035156,118.87498474121094,57.33948516845703,272.85797119140625,21.464916229248047,105.65241241455078,74.58989715576172
2022-04-13,166.8015899658203,184.64999389648438,128.82923889160156,291.11138916015625,115.04322052001953,57.49046325683594,278.236572265625,22.162649154663086,105.8671875,75.6442642211914
2022-04-14,161.79953002929688,184.0399932861328,125.69115447998047,290.81298828125,113.97684478759766,57.74803161621094,270.70068359375,21.2193660736084,103.74504852294922,76.53304290771484
2022-04-18,161.5841827392578,184.61000061035156,126.62991333007812,298.2632751464844,116.09153747558594,57.23291015625,271.3682556152344,21.743410110473633,103.22955322265625,77.16045379638672
2022-04-19,163.86492919921875,181.82000732421875,128.9433135986328,303.7514953613281,118.49541473388672,57.79243469238281,275.9923095703125,22.157657623291016,102.4562759399414,76.4720687866211
2022-04-20,163.6985626220703,182.7100067138672,126.99040985107422,308.3717041015625,118.91111755371094,58.5828971862793,277.0176696777344,21.442962646484375,104.5182876586914,76.6463394165039
2022-04-21,162.90565490722656,182.05999755859375,123.7913589477539,302.25958251953125,117.98931884765625,58.804931640625,271.6487731933594,20.146318435668945,103.74504852294922,75.8359375
2022-04-22,158.3734130859375,180.2899932861328,118.65481567382812,289.12225341796875,114.60039520263672,57.952301025390625,265.08990478515625,19.479536056518555,103.0920639038086,74.18032836914062
2022-04-25,159.44041442871094,177.0500030517578,122.06513214111328,290.6141357421875,114.56424713134766,58.56513977050781,271.5617370605469,19.86583137512207,104.12311553955078,71.67948913574219
2022-04-26,153.4888153076172,177.32000732421875,117.67739868164062,283.10955810546875,111.17529296875,57.77467727661133,261.4043273925781,18.75385856628418,105.1712646484375,71.70563507080078
2022-04-27,153.26364135742188,175.97999572753906,113.35760498046875,283.20904541015625,109.72935485839844,58.22763442993164,273.9800720214844,18.38153839111328,103.8223648071289,73.75336456298828
2022-04-28,160.184326171875,176.92999267578125,117.55094909667969,287.89263916015625,111.4644775390625,58.787174224853516,280.1809997558594,19.746049880981445,103.97701263427734,75.98407745361328
2022-04-29,154.32086181640625,176.91000366210938,113.17411041259766,276.2108459472656,107.86770629882812,57.383888244628906,268.46612548828125,18.513296127319336,102.62812042236328,74.28489685058594
2022-05-02,154.6243133544922,173.6300048828125,115.62733459472656,280.66839599609375,108.8527603149414,56.34474182128906,275.18939208984375,19.49750328063965,100.84918212890625,75.29569244384766
2022-05-03,156.11221313476562,174.08999633789062,116.3721923828125,284.5019836425781,111.1843490600586,56.02500534057617,272.5871276855469,19.566377639770508,101.52911376953125,76.84674072265625
2022-05-04,162.5141143798828,175.8000030517578,121.25880432128906,293.0462341308594,114.86248016357422,57.756900787353516,280.51959228515625,20.297046661376953,102.0885009765625,79.9052734375
2022-05-05,153.45941162109375,175.1300048828125,115.55048370361328,283.0644226074219,111.9886474609375,57.295066833496094,268.3016052246094,18.809751510620117,99.29144287109375,78.69406127929688
2022-05-06,154.18487548828125,175.4199981689453,114.79769897460938,282.9648742675781,111.80789947509766,57.49934005737305,265.7671203613281,18.64105987548828,97.8283462524414,79.8965835571289
2022-05-09,149.06764221191406,172.8800048828125,111.58871459960938,279.2850036621094,110.12699890136719,57.383888244628906,255.94818115234375,16.919193267822266,98.68900299072266,73.59650421142578
2022-05-10,151.46934509277344,171.4199981689453,113.457275390625,275.82208251953125,107.44295501708984,56.85099411010742,260.7077331542969,17.563020706176758,99.58402252197266,74.08448028564453
2022-05-11,143.61700439453125,172.82000732421875,112.67127227783203,272.6484375,106.76516723632812,57.117435455322266,252.04969787597656,16.59977912902832,101.50326538085938,75.62683868408203
2022-05-12,139.75453186035156,170.1699981689453,111.91899108886719,270.713623046875,106.67478942871094,57.295066833496094,247.01937866210938,16.14560317993164,101.31393432617188,75.97014617919922
2022-05-13,144.2150421142578,168.7899932861328,115.09921264648438,277.5671081542969,107.62368774414062,58.36974334716797,252.60105895996094,17.67382049560547,99.81645202636719,78.22371673583984
2022-05-16,142.6759033203125,170.39999389648438,113.5068588256836,274.3573303222656,106.87361907958984,58.5828971862793,252.96871948242188,17.232624053955078,99.71314239501953,80.06355285644531
2022-05-17,146.30308532714844,169.3300018310547,115.51823425292969,282.9740295410156,110.41616821289062,58.42303466796875,258.1151428222656,18.143964767456055,98.50828552246094,81.08470153808594
2022-05-18,138.04879760742188,169.4199981689453,110.98223114013672,277.3320617675781,108.52741241455078,54.35526657104492,246.36328125,16.90721893310547,100.60820007324219,79.79947662353516
2022-05-19,134.64707946777344,171.91000366210938,109.47915649414062,278.6611328125,106.91877746582031,53.28947830200195,245.45179748535156,17.092884063720703,100.84918212890625,80.23079681396484
2022-05-20,134.8823699951172,172.02999877929688,108.01525115966797,277.39532470703125,106.04219055175781,54.15987014770508,244.88941955566406,16.663658142089844,101.99385070800781,80.86463165283203
2022-05-23,140.29371643066406,172.8300018310547,110.57410430908203,286.2650451660156,112.60317993164062,55.82960510253906,252.73370361328125,16.867294311523438,100.31559753417969,82.65164947509766
2022-05-24,137.59783935546875,174.1300048828125,105.10134887695312,283.86004638671875,114.19371032714844,56.859867095947266,251.7349853515625,16.12464141845703,102.2950439453125,83.1006088256836
2022-05-25,137.75469970703125,173.0800018310547,104.93769836425781,284.718994140625,114.98897552490234,56.904273986816406,254.54690551757812,16.944149017333984,102.6995620727539,84.77317810058594
2022-05-26,140.95053100585938,172.75999450683594,106.90890502929688,292.6123046875,116.9771728515625,57.108551025390625,257.8242492675781,17.818559646606445,102.23480224609375,85.0724868774414
2022-05-27,146.69525146484375,172.85000610351562,111.39581298828125,297.0878601074219,118.6309814453125,57.44606018066406,264.9413146972656,18.77681541442871,102.4843978881836,85.90875244140625
2022-05-31,145.9110107421875,171.13999938964844,112.82947540283203,297.33349609375,119.49852752685547,56.29145050048828,263.6129455566406,18.638065338134766,100.31559753417969,84.50907135009766
2022-06-01,145.7835235595703,172.22999572753906,112.9583969116211,292.7850036621094,117.40192413330078,56.016117095947266,264.1462707519531,18.28670310974121,100.200927734375,86.12883758544922
2022-06-02,148.2343292236328,174.35000610351562,116.65830993652344,294.9682312011719,119.29070281982422,56.6023063659668,266.2406921386719,19.5563907623291,100.25265502929688,85.97918701171875
2022-06-03,142.51904296875,172.5800018310547,113.6020736694336,289.9012756347656,117.62783813476562,55.92730712890625,261.819091796875,18.68597984313965,100.03711700439453,87.22921752929688
2022-06-06,143.26406860351562,171.82000732421875,115.86289978027344,291.5660400390625,117.23926544189453,55.83848190307617,260.5876770019531,18.75185775756836,98.19209289550781,87.0091323852539
2022-06-07,145.7835235595703,172.94000244140625,116.18919372558594,292.4757385253906,117.54651641845703,56.175994873046875,264.223876953125,18.891605377197266,99.25255584716797,90.99691772460938
2022-06-08,145.0482635498047,172.77999877929688,116.23333740234375,286.2624816894531,115.67581939697266,55.85625076293945,262.1972961425781,18.618045806884766,98.37312316894531,92.07087707519531
2022-06-09,139.8329620361328,172.22999572753906,113.8941650390625,276.74713134765625,113.24481964111328,54.888160705566406,256.74798583984375,18.019012451171875,98.70074462890625,90.08140563964844
2022-06-10,134.43142700195312,174.5399932861328,110.25028991699219,261.1003723144531,108.03941345214844,54.54178237915039,245.30641174316406,16.946731567382812,98.08863830566406,88.43522644042969
2022-06-13,129.2847137451172,169.92999267578125,105.52037048339844,257.73455810546875,104.82217407226562,54.4796028137207,234.9022674560547,15.621866226196289,95.01068878173828,84.37703704833984
2022-06-14,130.14739990234375,168.57000732421875,105.84072875976562,257.02490234375,103.0780029296875,52.98566818237305,237.06454467773438,15.810562133789062,93.81224060058594,84.59709930419922
2022-06-15,132.76487731933594,170.77000427246094,108.86474609375,263.8749084472656,104.29801940917969,53.37928009033203,244.11370849609375,16.500450134277344,95.56249237060547,83.53194427490234
2022-06-16,127.50051879882812,172.69000244140625,105.16431427001953,259.24456787109375,102.5086669921875,52.84253692626953,237.52993774414062,15.575940132141113,96.32117462158203,80.45088195800781
2022-06-17,128.97097778320312,171.27000427246094,106.26522064208984,254.52325439453125,102.14716339111328,53.16457748413086,240.1285400390625,15.854490280151367,96.63156127929688,75.81169891357422
2022-06-21,133.19619750976562,170.6300048828125,110.62964630126953,259.0898742675781,104.67756652832031,54.300689697265625,246.03363037109375,16.53938865661621,94.99342346191406,80.53011322021484
2022-06-22,132.6864013671875,171.30999755859375,110.5736083984375,258.84429931640625,104.09015655517578,54.7032585144043,245.44210815429688,16.33371925354004,97.60581970214844,77.34341430664062
2022-06-23,135.5489501953125,170.25999450683594,111.3219223022461,260.3271789550781,102.95148468017578,55.35628890991211,250.9981231689453,16.198938369750977,98.40760803222656,75.01061248779297
2022-06-24,138.8722686767578,170.08999633789062,117.00792694091797,275.409912109375,106.02412414550781,56.39399337768555,259.5696105957031,17.098485946655273,97.0453872680664,76.49832916259766
2022-06-27,138.8722686767578,169.89999389648438,114.88398742675781,273.6177062988281,105.17460632324219,56.2776985168457,256.8450012207031,16.841901779174805,96.21772766113281,78.37337493896484
2022-06-28,134.73532104492188,169.6199951171875,111.08934783935547,272.4442443847656,104.66854858398438,55.7141227722168,248.69041442871094,15.956327438354492,96.66603088378906,80.5477066040039
2022-06-29,136.4900665283203,169.49000549316406,110.78585052490234,275.8919677734375,104.1986083984375,56.116676330566406,252.3555908203125,15.517035484313965,98.17481994628906,77.5722885131836
2022-06-30,134.02947998046875,168.4600067138672,108.0698013305664,270.1972961425781,101.76760864257812,56.2776985168457,249.02972412109375,15.134651184082031,99.03700256347656,75.38914489746094
2022-07-01,136.1959686279297,168.32000732421875,107.84615325927734,272.2076721191406,103.06897735595703,57.59273147583008,251.69619750976562,14.499671936035156,100.05376434326172,77.07052612304688
2022-07-05,138.7742156982422,164.75,112.33454895019531,270.3609924316406,102.67692565917969,56.60869598388672,254.86691284179688,14.939962387084961,100.83992004394531,74.65848541259766
2022-07-06,140.10743713378906,162.13999938964844,113.63282012939453,267.2317199707031,102.0113754272461,56.7249870300293,258.1249084472656,15.105695724487305,99.14673614501953,73.31163787841797
2022-07-07,143.469970703125,162.22999572753906,117.8093032836914,271.6346435546875,104.59152221679688,56.2776985168457,260.2484130859375,15.832525253295898,98.27417755126953,75.65324401855469
2022-07-08,144.14637756347656,162.3000030517578,118.3751449584961,269.6969909667969,104.26329040527344,56.48345947265625,259.5308837890625,15.812560081481934,97.18573760986328,75.77648162841797
2022-07-11,142.01907348632812,161.42999267578125,114.72826385498047,266.7040100097656,102.89573669433594,56.304534912109375,256.4764709472656,15.127659797668457,98.86164093017578,75.38914489746094
2022-07-12,142.98959350585938,160.8300018310547,113.0858383178711,266.11279296875,102.99600982666016,56.06300735473633,245.9656982421875,15.057772636413574,99.44908142089844,74.38560485839844
2022-07-13,142.62692260742188,161.60000610351562,110.44071197509766,263.9477233886719,102.02960968017578,55.80358123779297,245.04457092285156,15.139641761779785,100.5893783569336,74.68489837646484
2022-07-14,145.54820251464844,159.3300018310547,109.46280670166016,256.1606750488281,98.46481323242188,55.62466049194336,246.36328125,15.347308158874512,99.76870727539062,73.1883773803711
2022-07-15,147.2147979736328,159.00999450683594,110.8612289428711,267.3316955566406,102.97779846191406,55.91093063354492,248.923095703125,15.736680030822754,100.3302230834961,74.42081451416016
2022-07-18,144.17579650878906,159.16000366210938,108.13624572753906,274.05438232421875,101.9201889038086,55.150535583496094,246.52809143066406,16.07513999938965,99.2849349975586,75.79407501220703
2022-07-19,148.0284423828125,159.5399932861328,112.87706756591797,289.3281555175781,104.44563293457031,55.93775177001953,251.647705078125,16.964706420898438,98.74932861328125,77.7043228149414
2022-07-20,150.0283203125,158.0399932861328,112.9663314819336,292.421142578125,104.42739868164062,55.016357421875,254.30458068847656,17.778398513793945,99.00847625732422,78.55821990966797
2022-07-21,152.29286193847656,160.27000427246094,113.40272521972656,297.05145263671875,105.13854217529297,54.891109466552734,256.79644775390625,18.02100944519043,100.71894073486328,77.24657440185547
2022-07-22,151.0576629638672,160.6699981689453,107.01551818847656,294.67718505859375,104.62800598144531,55.09686279296875,252.4524688720703,17.291175842285156,102.41214752197266,76.65676879882812
2022-07-25,149.94007873535156,160.22999572753906,106.62873077392578,294.8499755859375,105.04737854003906,55.633609771728516,250.96902465820312,16.996654510498047,101.41004180908203,79.20964813232422
2022-07-26,148.61668395996094,160.0399932861328,104.15912628173828,289.7829895019531,103.40630340576172,56.54606628417969,244.2494659423828,16.50644302368164,101.4878158569336,78.90155029296875
2022-07-27,153.70449829101562,161.6699981689453,112.13320922851562,295.2320861816406,105.06560516357422,56.36716079711914,260.5780029296875,17.761423110961914,100.91764831542969,80.60932922363281
2022-07-28,154.25350952148438,163.63999938964844,113.2837142944336,299.3893127441406,104.67356872558594,57.306461334228516,268.01507568359375,17.955110549926758,101.7210464477539,81.55126190185547
2022-07-29,159.31190490722656,164.10000610351562,115.36648559570312,303.2828674316406,105.17501068115234,57.40486145019531,272.21356201171875,18.13382911682129,101.44461822509766,85.3277587890625
2022-08-01,158.33163452148438,165.02999877929688,113.91846466064453,302.0911560058594,104.12654113769531,57.71796417236328,269.56646728515625,18.411380767822266,103.88774871826172,83.17102813720703
2022-08-02,156.86114501953125,164.0500030517578,114.18624877929688,298.27044677734375,102.50370025634766,56.930747985839844,266.4732971191406,18.496240615844727,101.6895523071289,82.81010437011719
2022-08-03,162.8607177734375,164.4499969482422,117.112060546875,303.0827331542969,103.57950592041016,57.18122863769531,273.8909912109375,18.86264991760254,103.29059600830078,80.12517547607422
2022-08-04,162.54702758789062,167.1699981689453,117.2211685180664,301.9001159667969,102.43988037109375,56.957576751708984,275.03515625,19.184133529663086,103.25596618652344,76.75360870361328
2022-08-05,162.3212127685547,165.2899932861328,116.50706481933594,304.44732666015625,105.53970336914062,56.698150634765625,274.3177185058594,18.9585018157959,100.79814147949219,77.86279296875
2022-08-08,161.85000610351562,166.69000244140625,116.33847045898438,304.4563903808594,104.25419616699219,56.33137130737305,271.8064270019531,17.76441764831543,102.42516326904297,78.30293273925781
2022-08-09,161.89907836914062,167.1999969482422,115.6739501953125,306.22119140625,105.19324493408203,56.4029426574707,273.7262268066406,17.058549880981445,102.02704620361328,79.74663543701172
2022-08-10,166.1399688720703,166.77999877929688,118.71878051757812,316.4916687011719,107.93749237060547,56.9396858215332,280.37786865234375,18.067935943603516,101.36066436767578,80.50370025634766
2022-08-11,165.40371704101562,166.33999633789062,117.86583709716797,319.921142578125,109.53298950195312,56.555023193359375,278.3028564453125,17.913183212280273,98.9980239868164,82.83251190185547
2022-08-12,168.94757080078125,167.8699951171875,120.68257141113281,321.8678894042969,111.34729766845703,56.984413146972656,283.0442810058594,18.678945541381836,100.00192260742188,83.55247497558594
2022-08-15,170.01760864257812,165.7100067138672,121.07927703857422,323.71453857421875,111.64816284179688,57.700077056884766,284.5569152832031,19.001432418823242,99.91536712646484,82.05919647216797
2022-08-16,169.8605499267578,165.4199981689453,120.70240783691406,322.9140930175781,112.71485900878906,58.1741943359375,283.820068359375,18.848674774169922,100.330810546875,81.29479217529297
2022-08-17,171.35269165039062,164.35000610351562,118.57003021240234,321.7950744628906,111.76668548583984,58.040016174316406,283.0718078613281,18.3055477142334,99.28358459472656,81.9525375366211
2022-08-18,170.9600067138672,163.9199981689453,119.1849365234375,322.5046691894531,110.90055847167969,58.34416961669922,281.95440673828125,18.74284553527832,99.43071746826172,83.89025115966797
2022-08-19,168.3782196044922,162.72000122070312,116.24919128417969,317.7287902832031,108.15631866455078,58.2994384765625,278.0481872558594,17.82033348083496,97.82967376708984,83.62359619140625
2022-08-22,164.50057983398438,161.63999938964844,113.30355072021484,311.4974365234375,106.36933135986328,57.43170166015625,269.885986328125,17.006641387939453,97.50080871582031,83.56137084960938
2022-08-23,164.16680908203125,162.77000427246094,112.92666625976562,309.4596862792969,105.32087707519531,57.494319915771484,268.6131896972656,17.15340232849121,96.96421813964844,87.10790252685547
2022-08-24,164.4613037109375,163.25,112.758056640625,311.060791015625,105.57616424560547,57.5748291015625,267.9815368652344,17.1943359375,96.25452423095703,87.62344360351562
2022-08-25,166.91549682617188,163.75,115.69379425048828,315.1998291015625,108.0833740234375,57.852142333984375,270.95489501953125,17.884227752685547,97.59597778320312,88.0767593383789
2022-08-26,160.62289428710938,161.75999450683594,109.43551635742188,306.0210266113281,104.54592895507812,56.45661544799805,260.4994812011719,16.233882904052734,98.33161926269531,86.99237060546875
2022-08-29,158.42391967773438,161.86000061035156,108.52305603027344,303.7650146484375,104.29065704345703,56.116676330566406,257.7205505371094,15.775618553161621,97.51809692382812,88.99227905273438
2022-08-30,155.99920654296875,160.50999450683594,108.0469970703125,303.501220703125,104.30889129638672,55.59782409667969,255.52450561523438,15.443153381347656,97.76042938232422,85.60574340820312
2022-08-31,154.3401336669922,159.27000427246094,107.33290100097656,304.9126892089844,103.68893432617188,55.2042121887207,254.06698608398438,15.069753646850586,96.82574462890625,84.96573638916016
2022-09-01,155.0665740966797,157.8699951171875,108.84042358398438,305.6734924316406,104.40007019042969,55.4636344909668,253.02728271484375,13.91461181640625,95.05301666259766,83.43693542480469
2022-09-02,152.9559783935547,159.25999450683594,106.96592712402344,303.822021484375,103.67070007324219,54.7032585144043,248.81011962890625,13.625080108642578,95.59074401855469,84.96573638916016
2022-09-06,151.6994171142578,158.3300018310547,105.9344482421875,299.248291015625,103.69804382324219,54.7300910949707,246.0797119140625,13.44337272644043,93.2231216430664,84.39688873291016
2022-09-07,153.1032257080078,159.94000244140625,108.55281829833984,302.9787902832031,105.66735076904297,55.74095916748047,250.7826690673828,13.696040153503418,94.69747161865234,83.67691802978516
2022-09-08,151.63070678710938,158.97999572753906,107.4915771484375,307.3965759277344,108.12895965576172,55.57098388671875,251.20050048828125,13.97167682647705,93.72613525390625,84.36133575439453
2022-09-09,154.48739624023438,159.82000732421875,109.74298095703125,311.72271728515625,108.64862823486328,55.74989700317383,256.9722900390625,14.368159294128418,93.93425750732422,85.77462005615234
2022-09-12,160.4363555908203,160.6300048828125,109.95125579833984,313.9958190917969,109.93415832519531,55.91093063354492,259.1003112792969,14.486003875732422,93.16236877441406,86.76124572753906
2022-09-13,151.0220489501953,158.5399932861328,103.4648666381836,300.9898681640625,106.11408996582031,54.094940185546875,244.85537719726562,13.113801002502441,93.37921905517578,84.73466491699219
2022-09-14,152.465087890625,157.92999267578125,104.1392822265625,299.9540710449219,105.867919921875,54.38121032714844,245.07888793945312,13.110807418823242,93.70008850097656,86.81458282470703
2022-09-15,149.57901000976562,154.97999572753906,102.0664291381836,303.95025634765625,107.46340942382812,53.642303466796875,238.43252563476562,12.912068367004395,93.6393814086914,84.29022216796875
2022-09-16,147.9395751953125,155.83999633789062,101.95732879638672,298.99169921875,106.7431640625,53.65132141113281,237.81065368652344,13.180715560913086,92.85885620117188,82.85029602050781
2022-09-19,151.6503448486328,155.9600067138672,102.22510528564453,301.2373352050781,107.72781372070312,54.05680847167969,237.59686279296875,13.364474296569824,93.07567596435547,82.84139251708984
2022-09-20,154.02597045898438,155.07000732421875,100.31092834472656,296.2878112792969,105.60350799560547,53.9757080078125,235.58546447753906,13.158742904663086,92.14768981933594,82.16585540771484
2022-09-21,150.9042510986328,155.7899932861328,98.46617126464844,293.95062255859375,102.55839538574219,53.52516555786133,232.18460083007812,13.243633270263672,93.69144439697266,80.84146881103516
2022-09-22,149.9421844482422,155.6999969482422,99.31913757324219,286.8105773925781,101.39141082763672,53.39899826049805,234.1571044921875,12.544548988342285,91.29773712158203,80.50369262695312
2022-09-23,147.67449951171875,153.00999450683594,97.93060302734375,276.77423095703125,99.50416564941406,52.80427932739258,231.18373107910156,12.49960708618164,91.6706771850586,76.21942138671875
2022-09-26,148.00830078125,151.22999572753906,97.36528015136719,270.0375671386719,97.36164855957031,52.146484375,230.72702026367188,12.211983680725098,89.91876983642578,74.64614868164062
2022-09-27,148.9801483154297,151.5399932861328,96.70077514648438,267.0678405761719,96.50463104248047,50.8038444519043,229.7165069580078,12.396743774414062,87.55110931396484,76.21051788330078
2022-09-28,147.09530639648438,154.69000244140625,99.22986602783203,275.6926574707031,98.4557113647461,51.34450912475586,234.24456787109375,12.719318389892578,90.48250579833984,78.98375701904297
2022-09-29,139.87014770507812,154.66000366210938,96.62142944335938,271.4031982421875,96.78726196289062,50.975059509277344,230.77561950683594,12.203997611999512,90.01419067382812,78.82376098632812
2022-09-30,135.6685333251953,154.6699981689453,94.86592102050781,268.5985107421875,95.27384185791016,50.47945022583008,226.30587768554688,12.123103141784668,88.85204315185547,77.60603332519531
2022-10-03,139.8406982421875,158.42999267578125,97.83142852783203,274.1895446777344,98.21865844726562,51.04714584350586,233.9239044189453,12.495614051818848,90.26385498046875,81.70365142822266
2022-10-04,143.423828125,160.6999969482422,100.80683135986328,288.5979309082031,102.81368255615234,51.16428756713867,241.83343505859375,13.149754524230957,90.01173400878906,84.68132019042969
2022-10-05,143.71835327148438,159.80999755859375,100.59854888916016,283.2176208496094,101.54426574707031,50.67769241333008,242.14434814453125,13.191699981689453,89.15109252929688,88.10342407226562
2022-10-06,142.7660675048828,159.6300048828125,100.58863830566406,279.2489929199219,99.47456359863281,49.587364196777344,239.8026123046875,13.11280345916748,88.65559387207031,90.71666717529297
2022-10-07,137.5238800048828,157.8800048828125,97.87109375,275.9584655761719,97.48764038085938,49.11880111694336,227.60797119140625,12.060185432434082,87.79491424560547,89.80113983154297
2022-10-10,137.8478546142578,155.47999572753906,97.05782318115234,275.4635314941406,96.57696533203125,49.01066207885742,222.75921630859375,11.654717445373535,86.4300537109375,87.85453796386719
2022-10-11,136.43423461914062,155.16000366210938,96.38339233398438,269.6617431640625,93.78974914550781,49.09176254272461,219.02796936035156,11.57082748413086,86.81256866455078,87.10790252685547
2022-10-12,135.80596923828125,155.99000549316406,96.7602767944336,270.6699523925781,95.30756378173828,49.686485290527344,219.35830688476562,11.484939575195312,87.23851776123047,87.4901123046875
2022-10-13,140.3708038330078,154.91000366210938,98.24798583984375,281.4487609863281,100.60600280761719,50.34428787231445,227.60797119140625,11.9443359375,86.40398406982422,90.54779052734375
2022-10-14,135.84524536132812,152.97999572753906,95.76847076416016,274.9595031738281,102.28016662597656,49.54230880737305,222.08876037597656,11.212296485900879,85.69110870361328,88.16563415527344
2022-10-17,139.80142211914062,153.4199981689453,99.15052795410156,281.1187438964844,106.57594299316406,50.182090759277344,230.8048095703125,11.872429847717285,85.27384948730469,89.43671417236328
2022-10-18,141.11685180664062,153.75,99.94395446777344,287.6629943847656,109.31714630126953,50.85791015625,231.74732971191406,11.95132827758789,85.47377014160156,89.5967025756836
2022-10-19,141.22486877441406,151.69000244140625,98.81330108642578,285.7474365234375,107.17386627197266,50.425392150878906,229.7845001220703,12.035216331481934,83.91765594482422,92.25439453125
2022-10-20,140.76344299316406,151.4499969482422,99.15052795410156,284.8766174316406,106.82429504394531,49.63242721557617,229.46385192871094,12.178030967712402,82.48321533203125,92.37882232666016
2022-10-21,144.57241821289062,154.14999389648438,100.3010025024414,297.9743347167969,112.43549346923828,50.425392150878906,235.2648162841797,12.449671745300293,80.99665069580078,94.09431457519531
2022-10-24,146.7124481201172,153.64999389648438,101.67961883544922,301.27398681640625,112.573486328125,51.876155853271484,240.2495574951172,12.582499504089355,80.3272705078125,94.75208282470703
2022-10-25,149.5495147705078,154.0,103.6235580444336,304.6651916503906,112.86784362792969,53.11966323852539,243.5630340576172,13.243633270263672,82.66577911376953,94.1120834350586
2022-10-26,146.6143341064453,154.97999572753906,94.15184020996094,307.68072509765625,114.16484832763672,53.51614761352539,224.77061462402344,12.879111289978027,83.85678100585938,95.23204803466797
2022-10-27,142.14764404296875,154.74000549316406,91.46405029296875,309.04638671875,114.6156005859375,53.642303466796875,220.33001708984375,13.158742904663086,84.7348403930664,95.59649658203125
2022-10-28,152.8872528076172,153.16000366210938,95.50069427490234,313.2992858886719,115.97699737548828,54.750648498535156,229.1917724609375,13.81588077545166,84.15238952636719,98.39637756347656
2022-10-31,150.5312042236328,151.91000366210938,93.73529052734375,315.7648010253906,115.79301452636719,53.93064880371094,225.55767822265625,13.479324340820312,83.5525131225586,98.494140625
2022-11-01,147.8905029296875,153.4600067138672,89.7283935546875,319.49517822265625,117.88111877441406,53.74142074584961,221.7097930908203,13.52526569366455,84.33338165283203,99.4719009399414
2022-11-02,142.37339782714844,152.38999938964844,86.25708770751953,320.6042175292969,116.79568481445312,52.9935188293457,213.8682861328125,13.201688766479492,83.96736145019531,97.4275131225586
2022-11-03,136.33607482910156,151.80999755859375,82.74609375,319.76104736328125,117.00724792480469,52.96648406982422,208.1839141845703,13.403423309326172,83.51417541503906,98.7519302368164
2022-11-04,136.07058715820312,156.47000122070312,85.87027740478516,328.0467529296875,120.20838165283203,53.39899826049805,215.1217498779297,14.13746166229248,82.111083984375,99.82743072509766
2022-11-07,136.60159301757812,155.85000610351562,87.76461791992188,332.3087158203125,120.84310150146484,53.60626220703125,221.41827392578125,14.282271385192871,81.29190063476562,101.00961303710938
2022-11-08,137.17193603515625,159.4499969482422,88.17127227783203,333.6468811035156,120.91668701171875,53.70538330078125,222.38995361328125,14.582878112792969,82.18082427978516,101.32959747314453
2022-11-09,132.619140625,158.64999389648438,86.60421752929688,331.79547119140625,119.34373474121094,52.95746994018555,218.15342712402344,13.757957458496094,82.45099639892578,96.79644012451172
2022-11-10,144.4188690185547,163.47999572753906,93.1699447631836,346.74456787109375,124.25581359863281,54.858787536621094,236.1004638671875,15.729373931884766,85.6231918334961,98.21858215332031
2022-11-11,147.20164489746094,164.55999755859375,95.61971282958984,353.0321960449219,124.45816802978516,55.25526428222656,240.11355590820312,16.305618286132812,85.30943298339844,101.28515625
2022-11-14,145.80535888671875,164.9199981689453,94.91551971435547,350.4566650390625,123.17957305908203,54.7236213684082,234.71096801757812,16.27366065979004,85.10027313232422,101.58084869384766
2022-11-15,147.53598022460938,165.5,97.63306427001953,350.933349609375,122.28727722167969,54.63351058959961,235.11904907226562,16.644174575805664,86.47722625732422,102.2618179321289
2022-11-16,146.30682373046875,165.1199951171875,98.0396957397461,350.42913818359375,122.4528579711914,54.534393310546875,235.5478057861328,15.889162063598633,88.36834716796875,101.16868591308594
2022-11-17,148.2046356201172,163.9199981689453,97.5537109375,348.0919494628906,121.91932678222656,54.705596923828125,235.4990997314453,15.656469345092773,87.43585968017578,101.30306243896484
2022-11-18,148.76513671875,162.7899932861328,96.63133239746094,347.5603332519531,123.11515808105469,55.09306716918945,235.05087280273438,15.388819694519043,86.8344955444336,100.42499542236328
2022-11-21,145.5398712158203,161.8800048828125,94.81633758544922,348.48602294921875,122.38851165771484,55.940101623535156,235.85963439941406,15.2969388961792,87.20054626464844,99.43042755126953
2022-11-22,147.6736602783203,162.07000732421875,96.25446319580078,351.8406677246094,124.218994140625,56.18339920043945,238.763427734375,16.016996383666992,88.43804168701172,102.3066177368164
2022-11-23,148.54881286621094,163.0800018310547,97.65290832519531,354.0220642089844,125.54360961914062,56.435707092285156,241.24819946289062,16.497364044189453,89.9805908203125,101.79588317871094
2022-11-25,145.63819885253906,163.22000122070312,96.66109466552734,356.414306640625,125.78282165527344,56.4897575378418,241.1605224609375,16.248693466186523,89.67555236816406,101.4374771118164
2022-11-28,141.81314086914062,161.92999267578125,95.26265716552734,350.4566650390625,123.58432006835938,56.498779296875,235.5770263671875,15.80627155303955,89.92831420898438,98.39102935791016
2022-11-29,138.8140411376953,162.72999572753906,94.40970611572266,351.6940002441406,125.6172103881836,56.300537109375,234.18360900878906,15.618518829345703,88.87378692626953,99.04512023925781
2022-11-30,145.55950927734375,164.80999755859375,100.16215515136719,356.25152587890625,127.10739135742188,57.72529602050781,248.61485290527344,16.90515899658203,89.52742004394531,99.76194763183594
2022-12-01,145.83485412597656,167.83999633789062,100.16215515136719,354.0926513671875,125.32286834716797,57.88863754272461,248.17637634277344,17.1169376373291,92.38746643066406,99.27808380126953
2022-12-02,145.34320068359375,167.25999450683594,99.6166763305664,351.1127624511719,124.32939147949219,58.39683532714844,248.49794006347656,16.85820770263672,93.5492935180664,98.43584442138672
2022-12-05,144.18289184570312,164.38999938964844,98.66454315185547,342.77276611328125,120.84310150146484,57.59824752807617,243.80120849609375,16.592491149902344,92.23893737792969,95.73885345458984
2022-12-06,140.52500915527344,164.83999633789062,96.1850357055664,334.8109436035156,121.04546356201172,57.57102584838867,238.8511199951172,15.970147132873535,93.42694091796875,93.07769775390625
2022-12-07,138.58787536621094,166.3300018310547,94.16175842285156,332.0524597167969,120.96266174316406,57.661773681640625,238.1202850341797,16.10300636291504,95.62834930419922,92.87161254882812
2022-12-08,140.26934814453125,166.47000122070312,92.94184112548828,330.3548889160156,122.23209381103516,57.90679168701172,241.07281494140625,17.150901794433594,95.36627197265625,93.56153106689453
2022-12-09,139.78749084472656,167.05999755859375,92.06905364990234,331.33282470703125,121.5698013305664,57.29877853393555,239.14344787597656,16.983078002929688,92.8853988647461,92.77305603027344
2022-12-12,142.07861328125,165.67999267578125,92.54512023925781,335.06005859375,123.45553588867188,58.05198287963867,246.05213928222656,17.51651382446289,93.18236541748047,95.05787658691406
2022-12-13,143.04229736328125,168.50999450683594,94.84609985351562,340.1434326171875,123.3359375,58.07014083862305,250.34933471679688,18.052953720092773,94.08214569091797,96.09724426269531
2022-12-14,140.81996154785156,168.10000610351562,94.29067993164062,332.4768371582031,122.71964263916016,58.07014083862305,250.64166259765625,17.655370712280273,94.4840087890625,95.38938903808594
2022-12-15,134.22198486328125,165.35000610351562,90.11520385742188,322.7436218261719,119.67486572265625,57.27154541015625,242.64163208007812,16.934127807617188,94.8526382446289,94.47547149658203
2022-12-16,132.26519775390625,166.7899932861328,89.5201187133789,319.5330810546875,118.92975616455078,56.944854736328125,238.43212890625,16.553531646728516,93.79308319091797,93.8124008178711
2022-12-19,130.16085815429688,166.32000732421875,87.71503448486328,317.9278259277344,119.6380844116211,57.026527404785156,234.30056762695312,16.236865997314453,92.21685791015625,94.23355102539062
2022-12-20,130.09207153320312,169.0800018310547,88.29027557373047,317.817138671875,120.21760559082031,56.98115539550781,235.6160430908203,16.06804656982422,90.5793685913086,95.59549713134766
2022-12-21,133.18948364257812,168.8000030517578,88.84568786621094,323.048095703125,121.5698013305664,57.8977165222168,238.17874145507812,16.48360824584961,90.80703735351562,96.8230209350586
2022-12-22,130.02320861816406,166.75999450683594,87.04060363769531,318.8227233886719,120.19001007080078,57.48027801513672,232.09837341308594,15.322831153869629,90.78954315185547,94.86971282958984
2022-12-23,129.65940856933594,167.25999450683594,88.49857330322266,318.7581481933594,120.76032257080078,57.91585922241211,232.62454223632812,15.189970970153809,89.45850372314453,97.3785400390625
2022-12-27,127.85993194580078,168.6699981689453,86.67364501953125,315.49224853515625,121.18346405029297,58.26978302001953,230.89981079101562,14.106117248535156,87.68964385986328,98.73152160644531
2022-12-28,123.93653106689453,167.91000366210938,85.31488037109375,314.4773864746094,121.84576416015625,57.688995361328125,228.53195190429688,14.021204948425293,87.17300415039062,97.10975646972656
2022-12-29,127.44695281982422,168.85000610351562,87.72493743896484,316.8392333984375,122.54486846923828,58.033843994140625,234.84622192382812,14.587606430053711,88.16249084472656,97.84446716308594
2022-12-30,127.76160430908203,169.63999938964844,87.50675964355469,316.7930908203125,123.35432434082031,57.72529602050781,233.68666076660156,14.598596572875977,87.18177795410156,98.83009338378906
2023-01-03,122.98270416259766,171.05999755859375,88.38945770263672,319.4132385253906,124.29259490966797,57.12636184692383,233.45278930664062,14.299908638000488,88.84554290771484,95.4342041015625
2023-01-04,124.25119018554688,172.6699981689453,87.35798645019531,320.7785949707031,125.45162963867188,57.099124908447266,223.24082946777344,14.733450889587402,90.062744140625,95.71196746826172
2023-01-05,122.93354034423828,170.52000427246094,85.49339294433594,317.14361572265625,125.42383575439453,56.445735931396484,216.6244659423828,14.249963760375977,90.43927764892578,97.85343170166016
2023-01-06,127.45677185058594,173.7100067138672,86.6240463256836,321.1291198730469,127.82389068603516,57.53472900390625,219.1774444580078,14.843338012695312,92.10303497314453,99.03616333007812
2023-01-09,127.97792053222656,174.10000610351562,87.29847717285156,325.6683044433594,127.29570770263672,56.817806243896484,221.3114776611328,15.611525535583496,92.59342193603516,97.19039154052734
2023-01-10,128.5482635498047,174.74000549316406,87.69519805908203,329.6906433105469,128.43551635742188,56.38221740722656,222.99720764160156,15.892228126525879,91.06098937988281,98.64192199707031
2023-01-11,131.26219177246094,174.6199951171875,90.76979064941406,336.2593994140625,129.38995361328125,56.273311614990234,229.740234375,15.984131813049316,92.5408706665039,99.78882598876953
2023-01-12,131.1835174560547,176.63999938964844,90.38298797607422,341.296630859375,129.26022338867188,55.54732131958008,232.41018676757812,16.493595123291016,94.36227416992188,101.44644165039062
2023-01-13,132.51101684570312,178.75999450683594,91.36487579345703,345.0422668457031,132.5220947265625,55.746971130371094,233.1117401123047,16.88118553161621,93.47784423828125,101.38372039794922
2023-01-17,133.6713104248047,177.58999633789062,90.54167938232422,322.8266906738281,130.47415161132812,55.973846435546875,234.203125,17.68334197998047,92.87361907958984,101.18660736083984
2023-01-18,132.9534912109375,177.0800018310547,90.37307739257812,322.06097412109375,126.55436706542969,54.27684020996094,229.77923583984375,17.358684539794922,95.12410736083984,99.10784149169922
2023-01-19,133.0124969482422,179.88999938964844,92.2872543334961,323.5924377441406,124.86783599853516,54.19517135620117,225.99842834472656,16.747325897216797,94.52864074707031,99.7440185546875
2023-01-20,135.56907653808594,179.2899932861328,97.21649169921875,315.37237548828125,125.17362976074219,54.5218620300293,234.076416015625,17.820194244384766,92.99620819091797,101.56293487548828
2023-01-23,138.75503540039062,179.6300048828125,98.97200012207031,322.1071472167969,127.20303344726562,54.65797805786133,236.37603759765625,19.172767639160156,92.55838775634766,101.0342788696289
2023-01-24,140.1513214111328,180.27999877929688,96.89913177490234,321.3597717285156,128.29652404785156,54.94839096069336,235.84986877441406,19.244693756103516,93.88938903808594,101.97508239746094
2023-01-25,139.4925079345703,181.11000061035156,94.43946838378906,322.5591125488281,128.9173583984375,55.2932243347168,234.4564666748047,19.302631378173828,94.11708068847656,101.4374771118164
2023-01-26,141.55746459960938,179.47000122070312,96.7206039428711,327.4856872558594,129.7143096923828,55.184326171875,241.65745544433594,19.781126022338867,93.67926025390625,105.51433563232422
2023-01-27,143.49456787109375,179.22000122070312,98.55545043945312,326.3140869140625,130.02935791015625,54.89393997192383,241.81336975097656,20.343530654907227,93.44282531738281,103.58789825439453
2023-01-30,140.6134796142578,178.75999450683594,96.1453628540039,329.78289794921875,128.9266357421875,55.03005599975586,236.5027618408203,19.14179801940918,93.10130310058594,101.7510986328125
2023-01-31,141.88194274902344,179.41000366210938,98.02979278564453,337.486328125,129.69577026367188,55.64714050292969,241.47227478027344,19.51640510559082,93.84563446044922,103.94631958007812
2023-02-01,143.00291442871094,181.6699981689453,99.60675811767578,337.3941955566406,129.35287475585938,55.65622329711914,246.28598022460938,20.92091941833496,94.97377014160156,102.80836486816406
2023-02-02,148.302978515625,177.89999389648438,106.8568344116211,340.8630065917969,128.7505645751953,54.7033576965332,257.83294677734375,21.686115264892578,95.09664916992188,99.5916976928711
2023-02-03,151.92156982421875,173.4600067138672,103.92108154296875,341.3058776855469,130.74288940429688,54.294986724853516,251.7427520751953,21.0777587890625,93.6744155883789,100.2816162109375
2023-02-06,149.1977996826172,173.82000732421875,102.05650329589844,342.09002685546875,131.51202392578125,54.60353469848633,250.2031707763672,21.066770553588867,92.98088836669922,100.11138153076172
2023-02-07,152.0690460205078,173.97999572753906,106.75763702392578,345.4112854003906,133.11514282226562,54.51279067993164,260.7171936035156,22.149627685546875,92.234619140625,102.96967315673828
2023-02-08,149.38462829589844,174.41000366210938,98.55545043945312,346.0571594238281,132.17922973632812,54.19517135620117,259.908447265625,22.181591033935547,92.67359924316406,102.07364654541016
2023-02-09,148.35214233398438,173.02999877929688,94.2311782836914,339.49761962890625,130.1220245361328,54.10442352294922,256.8779296875,22.313451766967773,91.79566955566406,102.45893859863281
2023-02-10,148.71652221679688,173.36000061035156,93.7947998046875,342.5328674316406,130.696533203125,54.10442352294922,256.3713073730469,21.242582321166992,90.76850128173828,106.7777099609375
2023-02-13,151.51341247558594,172.47999572753906,93.83446502685547,345.0607604980469,132.1143341064453,54.9937629699707,264.381103515625,21.765033721923828,91.53227996826172,106.36236572265625
2023-02-14,150.87326049804688,172.61000061035156,93.90389251708984,342.9941711425781,132.69813537597656,54.07720184326172,265.2093505859375,22.946786880493164,91.32158660888672,105.1163558959961
2023-02-15,152.97091674804688,170.88999938964844,96.1453628540039,345.35589599609375,133.25413513183594,54.07720184326172,263.0895690917969,22.740001678466797,90.47000122070312,104.80033874511719
2023-02-16,151.37551879882812,170.75,94.72708892822266,341.5365295410156,131.41937255859375,53.74142074584961,256.0854187011719,21.97880744934082,89.18822479248047,104.49336242675781
2023-02-17,150.23313903808594,171.25999450683594,93.57659149169922,339.9681091308594,131.80856323242188,54.558162689208984,252.09002685546875,21.365453720092773,89.88180541992188,100.47541809082031
2023-02-21,146.22496032714844,170.6199951171875,91.0375747680664,333.15948486328125,129.38995361328125,54.26776885986328,246.82469177246094,20.633228302001953,88.13473510742188,100.3760986328125
2023-02-22,146.6484375,169.66000366210938,90.89872741699219,332.94732666015625,128.3984375,54.431114196777344,245.6915283203125,20.732120513916016,88.9424057006836,99.07592010498047
2023-02-23,147.13099670410156,169.57000732421875,90.14494323730469,335.3922119140625,129.42701721191406,54.53093338012695,248.8761444091797,23.639053344726562,89.81156921386719,99.98784637451172
2023-02-24,144.48184204101562,168.35000610351562,88.39937591552734,335.67816162109375,130.59457397460938,54.3040657043457,243.4545135498047,23.261451721191406,88.64393615722656,99.99688720703125
2023-02-27,145.6734619140625,169.00999450683594,89.13330841064453,337.2280578613281,131.73443603515625,54.285919189453125,244.37278747558594,23.476224899291992,88.88973999023438,99.81631469726562
2023-02-28,145.1712188720703,169.77999877929688,89.32176208496094,324.4227600097656,132.83712768554688,54.00459671020508,243.6498565673828,23.1915283203125,89.29359436035156,99.23843383789062
2023-03-01,143.10308837890625,170.75999450683594,89.61930084228516,321.70953369140625,132.09579467773438,53.41472625732422,240.57276916503906,22.674072265625,88.33429718017578,100.123291015625
2023-03-02,143.69398498535156,170.66000366210938,91.24586486816406,324.3762512207031,130.72439575195312,54.19517135620117,245.30081176757812,23.28942108154297,87.55103302001953,100.58377838134766
2023-03-03,148.7362060546875,172.49000549316406,92.88232421875,331.8003845214844,133.12442016601562,53.941062927246094,249.3840789794922,23.86481475830078,89.67205047607422,101.85688018798828
2023-03-06,151.4936981201172,171.6199951171875,94.35018920898438,331.76324462890625,132.34600830078125,54.77595520019531,250.92755126953125,23.529172897338867,88.97673797607422,102.75977325439453
2023-03-07,149.29754638671875,168.6199951171875,93.09061431884766,321.5701599121094,128.45404052734375,54.458335876464844,248.2704620361328,23.26740264892578,89.52243041992188,100.77338409423828
2023-03-08,150.5482635498047,168.5399932861328,93.4774169921875,324.5528564453125,127.69415283203125,54.485565185546875,247.8308563232422,24.159610748291016,89.61042785644531,99.30164337158203
2023-03-09,148.3029022216797,170.1999969482422,91.56324005126953,317.8627624511719,120.78125,53.959228515625,246.4827880859375,23.415271759033203,89.83043670654297,98.53417205810547
2023-03-10,146.24464416503906,173.8699951171875,89.88706970214844,304.4639892578125,123.84850311279297,53.73235321044922,242.83909606933594,22.944686889648438,92.92833709716797,97.31525421142578
2023-03-13,148.18472290039062,177.86000061035156,90.36315155029297,293.1651916503906,121.62451171875,54.27684020996094,248.0457763671875,22.94568634033203,93.13956451416016,96.19564056396484
2023-03-14,150.2725372314453,176.8300018310547,93.19970703125,299.33489990234375,124.74736785888672,54.47648620605469,254.7568817138672,24.041715621948242,91.60821533203125,96.55680084228516
2023-03-15,150.66647338867188,178.2100067138672,95.3221664428711,290.0802917480469,118.85380554199219,54.83948516845703,259.29931640625,24.206573486328125,93.3771743774414,91.75334930419922
2023-03-16,153.48301696777344,178.57000732421875,99.4976577758789,292.7748718261719,121.16120910644531,55.14125442504883,269.8103942871094,25.518407821655273,92.6467056274414,91.22061920166016
2023-03-17,152.64593505859375,183.77000427246094,100.78700256347656,282.0429382324219,116.5834732055664,54.88520431518555,272.96563720703125,25.702247619628906,94.03728485107422,90.14615631103516
2023-03-20,155.00949096679688,183.83999633789062,100.39028930664062,287.6086730957031,117.81593322753906,55.415592193603516,265.9322509765625,25.877094268798828,93.2099838256836,92.50276947021484
2023-03-21,156.86090087890625,180.3699951171875,104.0599365234375,294.80987548828125,120.97586822509766,55.15953826904297,267.44635009765625,26.175827026367188,92.40908813476562,96.6470947265625
2023-03-22,155.43295288085938,183.44000244140625,102.52265167236328,291.45550537109375,117.85299682617188,54.91263961791992,265.9908447265625,26.44458770751953,93.6412353515625,94.43496704101562
2023-03-23,156.5162353515625,185.74000549316406,104.734375,292.5519104003906,117.5379409790039,54.79375457763672,271.2366027832031,27.166950225830078,93.6412353515625,93.36953735351562
2023-03-24,157.8162078857422,183.64999389648438,104.57569122314453,290.43341064453125,115.74948120117188,55.68992233276367,274.07928466796875,26.755311965942383,94.03728485107422,93.47789764404297
2023-03-27,155.87611389160156,181.9499969482422,101.62010955810547,295.9713439941406,119.06693267822266,56.101417541503906,269.9862060546875,26.50753402709961,91.82823181152344,95.52749633789062
2023-03-28,155.25567626953125,183.44000244140625,100.20184326171875,295.8876647949219,119.42832946777344,56.165428161621094,268.8628234863281,26.386640548706055,91.99545288085938,96.7193374633789
2023-03-29,158.3282928466797,182.52999877929688,100.55888366699219,298.0061950683594,119.66925048828125,56.56779098510742,274.0205993652344,26.96013069152832,91.8106460571289,98.38069152832031
2023-03-30,159.89414978027344,184.17999267578125,100.06298065185547,298.3965148925781,119.307861328125,56.55864334106445,277.47869873046875,27.358776092529297,92.23307800292969,98.85921478271484
2023-03-31,162.39556884765625,183.22000122070312,102.87969970703125,303.9436950683594,120.75345611572266,56.72324752807617,281.63043212890625,27.752431869506836,93.61482238769531,99.0127182006836
2023-04-03,163.64630126953125,184.5399932861328,103.5045394897461,303.3954162597656,120.61445617675781,57.06159210205078,280.58514404296875,27.94026756286621,94.05511474609375,104.85452270507812
2023-04-04,163.11447143554688,187.97999572753906,103.86158752441406,299.79949951171875,119.00206756591797,56.88785171508789,280.5363464355469,27.4287166595459,94.52269744873047,103.852294921875
2023-04-05,161.2728729248047,187.8300018310547,103.6136474609375,298.75885009765625,119.17951202392578,57.4273681640625,277.7620544433594,26.85722541809082,95.51093292236328,105.63101959228516
2023-04-06,162.15921020507812,186.49000549316406,107.53125762939453,299.5672607421875,119.04875946044922,57.46394729614258,284.85406494140625,27.013086318969727,95.75794219970703,103.8793716430664
2023-04-10,159.5691375732422,185.11000061035156,105.56748962402344,301.9459533691406,119.44100952148438,57.3267822265625,282.6952209472656,27.554609298706055,94.21391296386719,103.41890716552734
2023-04-11,158.35784912109375,186.27999877929688,104.48641967773438,304.18524169921875,120.02938842773438,57.226200103759766,276.2869873046875,27.144968032836914,94.40800476074219,104.1502456665039
2023-04-12,157.66848754882812,187.19000244140625,103.78223419189453,306.8519592285156,120.01072692871094,57.3267822265625,276.9317626953125,26.47156524658203,94.31095886230469,104.0418930053711
2023-04-13,163.04556274414062,189.72000122070312,106.54936981201172,308.608154296875,120.46834564208984,57.747432708740234,283.1348571777344,26.439592361450195,93.56981658935547,104.52945709228516
2023-04-14,162.7008514404297,186.36000061035156,107.97756958007812,313.0589294433594,129.56484985351562,57.655982971191406,279.5203857421875,26.734331130981445,92.71395111083984,104.78229522705078
2023-04-17,162.72056579589844,185.52999877929688,105.10134887695312,315.6234130859375,130.59217834472656,58.03090286254883,282.118896484375,26.978118896484375,91.6110610961914,103.5633544921875
2023-04-18,163.94171142578125,186.25,103.64337921142578,310.2620849609375,132.0584716796875,58.12235641479492,281.6988525390625,27.642528533935547,91.93748474121094,105.58588409423828
2023-04-19,165.0841064453125,185.36000061035156,103.32601165771484,313.031005859375,131.89036560058594,58.232093811035156,281.7770080566406,27.906301498413086,91.84930419921875,105.25180053710938
2023-04-20,164.11898803710938,186.08999633789062,104.42691040039062,314.72210693359375,131.5074462890625,58.488128662109375,279.49102783203125,27.080028533935547,92.63453674316406,104.41209411621094
2023-04-21,162.5137481689453,184.25,104.54592895507812,317.46319580078125,131.25531005859375,58.570438385009766,279.14923095703125,27.095014572143555,92.11400604248047,104.74617004394531
2023-04-24,162.81906127929688,184.80999755859375,105.10134887695312,319.60028076171875,131.43275451660156,58.4789924621582,275.2514953613281,27.018081665039062,93.00514221191406,106.72352600097656
2023-04-25,161.28277587890625,185.75,102.99870300292969,315.43756103515625,128.57485961914062,58.38754653930664,269.0483703613281,26.21778678894043,94.37271881103516,105.20665740966797
2023-04-26,161.2728729248047,184.74000549316406,102.85985565185547,312.72442626953125,126.29610443115234,58.11321258544922,288.536865234375,26.93215560913086,93.36688995361328,104.24053955078125
2023-04-27,165.85227966308594,184.75,106.70805358886719,317.407470703125,127.99586486816406,58.232093811035156,297.7779846191406,27.201921463012695,92.44044494628906,105.48653411865234
2023-04-28,167.1029815673828,184.8000030517578,106.46009826660156,319.1170959472656,129.10723876953125,58.6618766784668,300.15179443359375,27.724458694458008,93.93157196044922,106.84992980957031
2023-05-01,167.01434326171875,183.97000122070312,106.32125091552734,316.45037841796875,131.87168884277344,58.799049377441406,298.4911804199219,28.884428024291992,91.22307586669922,103.5362777709961
2023-05-02,165.9802703857422,187.52000427246094,104.4566650390625,309.7603454589844,129.7423095703125,58.53385543823242,298.3446044921875,28.185049057006836,93.49637603759766,99.40999603271484
2023-05-03,164.9068603515625,189.11000061035156,104.54592895507812,305.3745422363281,126.99654388427734,58.20465850830078,297.3579406738281,27.777408599853516,94.01827239990234,97.45069122314453
2023-05-04,163.27206420898438,190.44000244140625,103.83184051513672,298.5080261230469,125.2594223022461,58.2686653137207,298.3446044921875,27.537620544433594,93.08949279785156,95.74418640136719
2023-05-05,170.93394470214844,187.4600067138672,104.7046127319336,303.8600769042969,127.70635223388672,58.54299545288086,303.46337890625,28.65463638305664,92.7798843383789,98.12786865234375
2023-05-08,170.864990234375,187.69000244140625,106.88658142089844,303.38623046875,128.01454162597656,58.45154571533203,301.5096435546875,29.125221252441406,91.47959899902344,98.51609802246094
2023-05-09,169.1612548828125,189.02000427246094,106.47001647949219,301.7693786621094,127.39815521240234,57.96690368652344,299.8977966308594,28.545730590820312,91.15232849121094,98.54320526123047
2023-05-10,170.92404174804688,188.75,110.8339614868164,299.70660400390625,127.4634780883789,58.0674934387207,305.0849609375,28.85944938659668,92.0368881225586,97.27912902832031
2023-05-11,171.1111602783203,187.1300048828125,115.61444854736328,298.0061950683594,127.06193542480469,58.396690368652344,302.93585205078125,28.552724838256836,93.00988006591797,95.5184555053711
2023-05-12,170.18414306640625,186.80999755859375,116.5467529296875,296.87261962890625,125.24073791503906,58.625301361083984,301.8222351074219,28.3149356842041,92.2314682006836,95.50943756103516
2023-05-15,169.6910858154297,187.2100067138672,115.55493927001953,299.2605895996094,126.29610443115234,58.46984100341797,302.3009033203125,28.927391052246094,91.27616119384766,95.69158172607422
2023-05-16,169.6910858154297,184.8699951171875,118.53034973144531,298.0898132324219,125.44622039794922,57.811439514160156,304.52813720703125,29.187158584594727,91.001953125,93.36919403076172
2023-05-17,170.302490234375,184.22999572753906,119.84944152832031,306.79632568359375,129.3033905029297,57.747432708740234,307.4064636230469,30.151308059692383,90.73660278320312,95.4638900756836
2023-05-18,172.62985229492188,181.83999633789062,121.8231430053711,306.23876953125,130.2839813232422,57.4273681640625,311.83154296875,31.649980545043945,90.06433868408203,96.32909393310547
2023-05-19,172.7383575439453,183.63999938964844,121.75371551513672,303.0516357421875,129.9851531982422,57.45480728149414,311.6552734375,31.23634910583496,89.42743682861328,96.7753677368164
2023-05-22,171.79161071777344,183.2100067138672,124.02494049072266,301.9088134765625,128.91114807128906,56.247737884521484,314.4356689453125,31.148426055908203,89.1090316772461,95.60050964355469
2023-05-23,169.18812561035156,183.42999267578125,121.55534362792969,300.6543884277344,127.56625366210938,56.14714431762695,308.63995361328125,30.660858154296875,89.36554718017578,96.90287780761719
2023-05-24,169.4642791748047,181.9499969482422,119.9089584350586,297.1606750488281,126.39884185791016,55.671627044677734,307.259521484375,30.510988235473633,88.92326354980469,97.98664855957031
2023-05-25,170.59837341308594,180.1999969482422,122.46781921386719,300.9424133300781,126.70701599121094,55.24184799194336,319.0761413574219,37.94640350341797,88.7021255493164,96.22892761230469
2023-05-26,173.00460815429688,180.9199981689453,123.58853912353516,308.49664306640625,127.89314270019531,55.104671478271484,325.8998107910156,38.91156005859375,89.41862487792969,95.60050964355469
2023-05-30,174.84873962402344,182.0399932861328,122.65624237060547,307.40020751953125,128.3787841796875,54.665740966796875,324.2550048828125,40.07551956176758,90.3120346069336,94.7535171508789
2023-05-31,174.7994384765625,182.32000732421875,121.8628158569336,303.25262451171875,126.74439239501953,54.556007385253906,321.4942932128906,37.800537109375,91.09923553466797,93.05953979492188
2023-06-01,177.6001739501953,183.75999450683594,122.70584106445312,296.2307434082031,128.49087524414062,54.86691665649414,325.59625244140625,39.73482131958008,91.45668029785156,94.13421630859375
2023-06-02,178.4482879638672,181.0500030517578,123.64804077148438,303.0185241699219,131.18994140625,55.92768096923828,328.3570861816406,39.292213439941406,90.4544677734375,96.31999969482422
2023-06-05,177.0972442626953,182.13999938964844,124.97705841064453,301.29583740234375,129.90109252929688,55.55275344848633,328.8857421875,39.13636016845703,90.28600311279297,95.89195251464844
2023-06-06,176.7323760986328,182.33999633789062,126.26641845703125,305.9677734375,130.1345672607422,55.15039825439453,326.67315673828125,38.61981201171875,90.81812286376953,96.6751708984375
2023-06-07,175.36158752441406,180.14999389648438,121.49584197998047,314.3471984863281,131.39537048339844,55.06809997558594,316.5894775390625,37.44572067260742,89.47001647949219,98.8427505493164
2023-06-08,178.07357788085938,182.52999877929688,121.1387939453125,314.0850524902344,131.43275451660156,55.205257415771484,318.42999267578125,38.479923248291016,90.5165786743164,98.53308868408203
2023-06-09,178.45816040039062,182.0399932861328,121.2280502319336,314.60003662109375,131.69424438476562,55.29671096801758,319.9278564453125,38.73971939086914,90.39237213134766,97.80449676513672
2023-06-12,181.24903869628906,181.8800048828125,122.6264877319336,317.84881591796875,131.68492126464844,55.0589485168457,324.8815612792969,39.4511604309082,90.6584701538086,96.92107391357422
2023-06-13,180.77566528320312,180.5399932861328,122.81493377685547,320.66693115234375,132.6374969482422,55.278419494628906,327.2703857421875,40.989959716796875,89.76271057128906,96.9393081665039
2023-06-14,181.40679931640625,180.63999938964844,122.65624237060547,316.84698486328125,132.14254760742188,55.653343200683594,330.25634765625,42.96342086791992,90.4810791015625,95.77356719970703
2023-06-15,183.43833923339844,181.91000366210938,124.06460571289062,318.0828552246094,133.63682556152344,56.41811752319336,340.7904052734375,42.619686126708984,91.35027313232422,96.43838500976562
2023-06-16,182.36341857910156,181.6300048828125,122.51739501953125,316.7440185546875,133.7956085205078,56.82353210449219,335.1414794921875,42.65864944458008,90.9954833984375,95.74622344970703
2023-06-20,182.45216369628906,179.75,122.0909194946289,309.6378479003906,133.11383056640625,56.44575881958008,330.951416015625,43.77378463745117,91.62519073486328,93.55133819580078
2023-06-21,181.41665649414062,179.49000549316406,119.56182861328125,304.3479919433594,132.91769409179688,56.602394104003906,326.5556945800781,43.01137161254883,91.84691619873047,94.59869384765625
2023-06-22,184.41464233398438,177.7100067138672,122.14051055908203,299.2079772949219,130.35873413085938,56.9893913269043,332.5765686035156,42.99139404296875,90.73828887939453,94.07958984375
2023-06-23,184.0990753173828,178.1999969482422,121.3371353149414,294.6484069824219,129.67694091796875,56.390480041503906,327.98504638671875,42.176029205322266,91.64293670654297,93.25989532470703
2023-06-26,182.70860290527344,178.50999450683594,117.36994171142578,292.4482116699219,129.99449157714844,56.408905029296875,321.6998596191406,40.60026550292969,91.740478515625,94.98120880126953
2023-06-27,185.45999145507812,177.69000244140625,117.36002349853516,293.4687805175781,130.0038299560547,56.28911590576172,327.54449462890625,41.843284606933594,91.50100708007812,95.2179946899414
2023-06-28,186.63356018066406,177.27999877929688,119.19485473632812,293.6654052734375,129.43411254882812,55.76392364501953,328.7976379394531,41.08488845825195,91.89125061035156,95.99212646484375
2023-06-29,186.96884155273438,177.08999633789062,118.12370300292969,302.4942321777344,133.95437622070312,55.30320358276367,328.01446533203125,40.79011535644531,90.23274993896484,97.17609405517578
2023-06-30,191.28829956054688,178.27000427246094,118.71878051757812,301.9793395996094,135.83157348632812,55.487491607666016,333.38909912109375,42.268951416015625,91.29704284667969,97.67699432373047
2023-07-03,189.79917907714844,178.47000122070312,118.91715240478516,305.78985595703125,136.92428588867188,55.8192024230957,330.8926696777344,42.37986755371094,90.77946472167969,97.86824798583984
2023-07-05,188.68479919433594,177.83999633789062,120.75199127197266,299.6479797363281,136.0121307373047,56.23384094238281,331.0493469238281,42.28395080566406,89.91683197021484,97.36735534667969
2023-07-06,189.15811157226562,177.30999755859375,119.12541961669922,293.0474548339844,134.6674346923828,55.8007698059082,334.1037902832031,42.07011795043945,88.64515686035156,93.73348999023438
2023-07-07,188.0437469482422,178.63999938964844,118.50060272216797,295.0791320800781,135.7300567626953,55.06364440917969,330.1388854980469,42.46980667114258,88.11158752441406,93.95207977294922
2023-07-10,186.00241088867188,178.77999877929688,115.49542999267578,296.29620361328125,136.49171447753906,54.64900207519531,324.8620300292969,42.147056579589844,88.22718811035156,95.34550476074219
2023-07-11,185.47970581054688,179.4499969482422,116.17977142333984,300.42510986328125,138.62631225585938,54.84250259399414,325.4886169433594,42.37187576293945,88.68074035644531,96.5112533569336
2023-07-12,187.1463623046875,181.8800048828125,117.9551010131836,305.5932312011719,139.31277465820312,55.137351989746094,330.1192626953125,43.86771011352539,89.6678466796875,96.9848403930664
2023-07-13,187.9056854248047,182.00999450683594,123.51911926269531,307.7278747558594,139.9898223876953,55.607269287109375,335.4646301269531,45.941097259521484,90.61051177978516,95.2088851928711
2023-07-14,188.0536651611328,181.42999267578125,124.39190673828125,305.3966064453125,140.83612060546875,56.11405944824219,337.9904479980469,45.43348693847656,90.07691955566406,91.93022918701172
2023-07-17,191.3080291748047,181.55999755859375,123.62821197509766,306.34222412109375,144.2307891845703,56.03112030029297,338.4701843261719,46.424705505371094,90.12135314941406,92.33094024658203
2023-07-18,191.0515899658203,183.63999938964844,122.74551391601562,315.7702941894531,144.49412536621094,55.80998229980469,351.9412536621094,47.45690155029297,90.53047180175781,91.91200256347656
2023-07-19,192.4026641845703,183.6699981689453,121.0296859741211,318.84124755859375,145.0489044189453,56.7958984375,347.6238708496094,47.040225982666016,91.55315399169922,92.54953002929688
2023-07-20,190.45993041992188,182.74000549316406,118.22289276123047,328.4939880371094,146.8355712890625,57.48695755004883,339.586181640625,45.48444366455078,90.4415283203125,94.17975616455078
2023-07-21,189.2863311767578,182.17999267578125,119.03617095947266,329.52386474609375,145.7071533203125,57.53302764892578,336.55126953125,44.27438735961914,90.46819305419922,94.6169204711914
2023-07-24,190.0851593017578,181.39999389648438,120.5337905883789,336.049560546875,148.57522583007812,57.55145263671875,337.8631591796875,44.57715606689453,90.13916778564453,96.10140991210938
2023-07-25,190.94314575195312,182.41000366210938,121.20820617675781,332.0892028808594,147.46559143066406,57.35795974731445,343.60992431640625,45.64332580566406,89.97020721435547,96.24713134765625
2023-07-26,191.8109588623047,183.3000030517578,128.2103271484375,334.76690673828125,148.3495330810547,58.095088958740234,330.67730712890625,45.41648864746094,90.05915832519531,95.70980072021484
2023-07-27,190.54864501953125,180.4199981689453,128.3392791748047,331.9113464355469,146.7133331298828,57.53302764892578,323.77532958984375,45.86415481567383,88.30721282958984,96.01033020019531
2023-07-28,193.12258911132812,181.86000061035156,131.49322509765625,330.7129211425781,147.5502166748047,57.56987380981445,331.2646789550781,46.71348571777344,88.76077270507812,94.8628158569336
2023-07-31,193.73399353027344,182.35000610351562,131.63204956054688,333.1846618652344,148.53758239746094,57.063106536865234,328.86614990234375,46.6925048828125,88.97419738769531,97.66788482666016
2023-08-01,192.9055938720703,180.4600067138672,130.47166442871094,334.91668701171875,147.8041229248047,56.915679931640625,329.2773742675781,46.470672607421875,87.51618194580078,97.10324096679688
2023-08-02,189.91751098632812,179.60000610351562,127.32764434814453,328.71868896484375,146.13026428222656,57.09074783325195,320.6229248046875,44.23442459106445,86.579833984375,95.89195251464844
2023-08-03,188.52699279785156,179.5399932861328,127.39704895019531,330.6473693847656,147.0236358642578,56.7958984375,319.8006591796875,44.480224609375,84.58234405517578,97.55860900878906
2023-08-04,179.4739227294922,180.19000244140625,127.05984497070312,330.70355224609375,146.7133331298828,55.93898010253906,320.8970947265625,44.64509963989258,86.08048248291016,97.83181762695312
2023-08-07,176.3773193359375,179.77999877929688,130.45181274414062,332.8943786621094,147.40916442871094,56.381256103515625,323.17816162109375,45.38153076171875,85.23331451416016,97.63146209716797
2023-08-08,177.314208984375,178.63999938964844,130.32290649414062,326.05975341796875,146.58168029785156,56.13247299194336,319.2033996582031,44.62911605834961,86.22314453125,98.1141586303711
2023-08-09,175.7264404296875,177.7899932861328,128.59716796875,320.84478759765625,144.61631774902344,56.261478424072266,315.463623046875,42.5207633972168,86.66900634765625,99.78081512451172
2023-08-10,175.509521484375,177.60000610351562,128.62689208984375,318.7008056640625,144.40008544921875,56.13247299194336,316.14892578125,42.35489273071289,85.24219512939453,100.29082489013672
2023-08-11,175.56874084472656,177.60000610351562,128.49795532226562,319.009765625,145.23696899414062,56.362823486328125,314.2691955566406,40.823081970214844,85.04605102539062,101.84819030761719
2023-08-14,177.2178955078125,177.05999755859375,130.25344848632812,316.2103576660156,145.5378875732422,56.09562301635742,317.2356262207031,43.71881866455078,84.85877990722656,101.93016815185547
2023-08-15,175.2329864501953,176.58999633789062,128.71617126464844,311.0328674316406,141.8328857421875,55.71784210205078,315.1013488769531,43.90568542480469,84.34158325195312,99.31327056884766
2023-08-16,174.36398315429688,175.57000732421875,127.64501190185547,308.1304626464844,141.2310791015625,55.727054595947266,314.3361511230469,43.4520378112793,83.6816635131836,97.64212799072266
2023-08-17,171.8261260986328,175.3000030517578,128.8550262451172,306.64178466796875,139.76414489746094,55.84683609008789,310.8828125,43.31014633178711,83.3249740600586,99.53364562988281
2023-08-18,172.3099822998047,175.3300018310547,126.41516876220703,304.2169189453125,140.08387756347656,56.160118103027344,310.4903564453125,43.26517868041992,83.6192398071289,101.03949737548828
2023-08-21,173.64312744140625,175.80999755859375,127.31770324707031,301.5299377441406,140.56341552734375,55.68098449707031,315.7881774902344,46.93031692504883,82.50455474853516,99.81828308105469
2023-08-22,175.0157470703125,176.10000610351562,128.0218963623047,298.46832275390625,137.64834594726562,55.340065002441406,316.357177734375,45.63232421875,83.13771057128906,99.25817108154297
2023-08-23,178.85711669921875,177.88999938964844,131.284912109375,301.7826843261719,138.5792694091797,55.533565521240234,320.8112487792969,47.07920455932617,85.19762420654297,98.38587951660156
2023-08-24,174.17636108398438,177.85000610351562,128.71617126464844,299.5637512207031,138.4476318359375,55.386131286621094,313.914306640625,47.12615966796875,84.63583374023438,97.65130615234375
2023-08-25,176.3784942626953,177.6199951171875,128.8153533935547,299.74169921875,138.2783966064453,55.64413070678711,316.86737060546875,45.9820556640625,84.91228485107422,99.39591217041016
2023-08-28,177.9387664794922,178.1300048828125,129.93606567382812,305.1907043457031,138.7579803466797,55.8007698059082,317.57373046875,46.79841613769531,85.00143432617188,100.23148345947266
2023-08-29,181.81967163085938,179.8699951171875,133.46690368652344,311.3512268066406,139.88636779785156,55.7454833984375,322.194580078125,48.74589538574219,85.88428497314453,100.82830810546875
2023-08-30,185.3055419921875,180.32000732421875,134.7661590576172,310.1994323730469,139.32217407226562,55.71784210205078,322.5673828125,49.22552490234375,85.79508972167969,101.81080627441406
2023-08-31,185.5228271484375,180.02000427246094,135.0537567138672,309.3781433105469,137.60133361816406,55.128135681152344,321.556884765625,49.316444396972656,86.17857360839844,102.09544372558594
2023-09-01,187.09295654296875,180.11000061035156,134.54795837402344,309.08544921875,138.06210327148438,54.64900207519531,322.4398193359375,48.47111129760742,84.83602905273438,104.23484802246094
2023-09-05,187.32994079589844,178.63999938964844,134.6570587158203,305.63958740234375,136.53872680664062,54.197513580322266,327.2372741699219,48.51008605957031,83.64644622802734,104.24404907226562
2023-09-06,180.62478637695312,177.8300018310547,133.3577880859375,303.1661376953125,136.31304931640625,54.1606559753418,326.5799865722656,47.02812194824219,83.85214233398438,105.14388275146484
2023-09-07,175.34164428710938,178.02000427246094,134.1512451171875,303.9497985839844,135.14703369140625,53.74602127075195,323.66619873046875,46.20869445800781,84.08472442626953,104.62968444824219
2023-09-08,175.953857421875,178.0800018310547,135.26205444335938,307.3105773925781,135.25048828125,53.74602127075195,327.943603515625,45.54015350341797,84.40670776367188,106.15392303466797
2023-09-11,177.11912536621094,178.41000366210938,135.79763793945312,306.4892578125,135.8428955078125,54.25279235839844,331.544189453125,45.146427154541016,83.79850006103516,104.822509765625
2023-09-12,174.0973663330078,177.49000549316406,134.2305908203125,312.3896484375,137.61073303222656,53.718379974365234,325.490966796875,44.838645935058594,84.281494140625,107.88013458251953
2023-09-13,172.0334930419922,177.0800018310547,135.58935546875,316.2414245605469,137.67657470703125,53.847373962402344,329.6998291015625,45.453224182128906,84.26358795166016,106.91603088378906
2023-09-14,173.5443878173828,177.1699981689453,136.9679718017578,325.29498291015625,140.34715270996094,54.29315948486328,332.2898254394531,45.54914855957031,83.6553955078125,108.82588958740234
2023-09-15,172.82347106933594,178.33999633789062,136.273681640625,323.37860107421875,139.9333953857422,53.81022262573242,323.9703369140625,43.86932373046875,83.14556121826172,107.1547622680664
2023-09-18,175.74652099609375,179.38999938964844,137.07705688476562,324.1149597167969,140.2248992919922,54.144569396972656,322.832275390625,43.935272216796875,83.61962890625,108.01786804199219
2023-09-19,176.832763671875,179.22000122070312,136.90843200683594,322.7649230957031,140.04624938964844,54.03312301635742,322.42999267578125,43.489585876464844,83.0024642944336,107.73322296142578
2023-09-20,173.29747009277344,179.35000610351562,132.64369201660156,317.8652648925781,139.45384216308594,54.27458190917969,314.6991271972656,42.20948791503906,83.2618408203125,106.8792953491211
2023-09-21,171.75698852539062,178.0500030517578,129.37075805664062,311.7665710449219,138.36302185058594,53.43873977661133,313.48260498046875,40.98833465576172,81.12418365478516,105.3734359741211
2023-09-22,172.60621643066406,178.6199951171875,129.1823272705078,309.54803466796875,137.03712463378906,53.49445343017578,311.0103454589844,41.58092498779297,81.77710723876953,105.53871154785156
2023-09-25,173.880126953125,177.6999969482422,130.0352783203125,310.4448547363281,137.7141876220703,52.937225341796875,311.53033447265625,42.1924934387207,79.7646255493164,106.72320556640625
2023-09-26,169.8115997314453,176.27999877929688,127.5160903930664,305.70574951171875,136.2848358154297,52.5007209777832,306.23248291015625,41.8817138671875,79.48739624023438,106.88848876953125
2023-09-27,168.30068969726562,174.10000610351562,129.4699249267578,303.9402770996094,137.08412170410156,51.96207046508789,306.8702087402344,42.43832015991211,79.07595825195312,110.36847686767578
2023-09-28,168.5574493408203,173.22999572753906,131.22543334960938,307.0085144042969,138.78616333007812,51.8320426940918,307.7041320800781,43.05888748168945,79.31744384765625,109.69819641113281
2023-09-29,169.07095336914062,171.4499969482422,129.7873077392578,305.4697265625,136.36947631835938,51.98992156982422,309.77410888671875,43.46860885620117,79.32640075683594,107.9627685546875
2023-10-02,171.57923889160156,169.64999389648438,133.07017517089844,300.68328857421875,135.19403076171875,51.52555847167969,315.7096862792969,44.750709533691406,77.99845886230469,106.17227172851562
2023-10-03,170.24607849121094,169.16000366210938,131.34445190429688,288.9958190917969,134.197265625,50.96833419799805,307.4588317871094,43.4865837097168,76.3205795288086,106.35591125488281
2023-10-04,171.4903564453125,169.13999938964844,134.13143920898438,291.33709716796875,134.79908752441406,51.1169319152832,312.92340087890625,44.01022720336914,77.39727783203125,102.38008117675781
2023-10-05,172.72471618652344,168.8300018310547,133.9628143310547,293.130859375,135.36744689941406,48.64653015136719,313.3158264160156,44.65677261352539,77.01145935058594,100.07537841796875
2023-10-06,175.27249145507812,169.6999969482422,136.4522247314453,295.0001525878906,137.45150756835938,49.352352142333984,321.06634521484375,45.73003005981445,76.07830810546875,98.40422821044922
2023-10-09,176.75375366210938,172.82000732421875,137.2853240966797,295.1227722167969,137.13893127441406,49.11088562011719,323.5778503417969,45.24136734008789,77.86383819580078,101.84751892089844
2023-10-10,176.16123962402344,172.52999877929688,136.92828369140625,297.1620178222656,137.97250366210938,50.178916931152344,322.1749572753906,45.765995025634766,77.75619506835938,101.41595458984375
2023-10-11,177.55364990234375,173.7899932861328,139.39788818359375,295.50982666015625,138.4461669921875,49.88172912597656,326.1286926269531,46.773292541503906,79.38021850585938,97.77986145019531
2023-10-12,178.45225524902344,173.25999450683594,137.83082580566406,292.5171813964844,138.12405395507812,49.045875549316406,324.8924865722656,46.91218566894531,77.226806640625,97.76151275634766
2023-10-13,176.61549377441406,178.8300018310547,136.23402404785156,291.9979553222656,140.19863891601562,49.120174407958984,321.5274963378906,45.429229736328125,78.60859680175781,100.8833999633789
2023-10-16,176.48715209960938,177.9600067138672,137.9597625732422,296.8031921386719,140.05654907226562,49.62168884277344,326.3445129394531,46.06279373168945,77.34344482421875,100.95686340332031
2023-10-17,174.93675231933594,178.2899932861328,138.57467651367188,292.0545959472656,139.75341796875,50.21607208251953,325.77545166015625,43.90730285644531,76.49108123779297,102.2790756225586
2023-10-18,173.64312744140625,180.8699951171875,136.82911682128906,285.0685119628906,138.21884155273438,50.19748306274414,323.8623962402344,42.16651153564453,75.81810760498047,103.71147918701172
2023-10-19,173.26788330078125,183.08999633789062,136.62081909179688,282.4534912109375,137.63145446777344,50.476104736328125,325.0495300292969,42.07158660888672,74.26586151123047,103.7757568359375
2023-10-20,170.7200927734375,183.58999633789062,134.4884490966797,283.265380859375,135.4148406982422,50.6804313659668,320.4875183105469,41.35807800292969,74.68757629394531,101.99443817138672
2023-10-23,170.83860778808594,182.97000122070312,135.38108825683594,282.4817810058594,133.56761169433594,50.2253532409668,323.0873107910156,42.94496536254883,75.58483123779297,100.49774932861328
2023-10-24,171.27308654785156,182.9499969482422,137.67214965820312,282.4440612792969,133.72865295410156,51.674163818359375,324.2744140625,43.63249206542969,76.58079528808594,99.52446746826172
2023-10-25,168.9623565673828,183.72000122070312,124.5803451538086,280.15948486328125,132.99923706054688,52.11994552612305,334.2225341796875,41.74980926513672,74.8759994506836,99.70809173583984
2023-10-26,164.804931640625,184.00999450683594,121.27764129638672,280.3765869140625,133.3402862548828,51.80418395996094,321.6844177246094,40.297821044921875,76.02448272705078,98.79906463623047
2023-10-27,166.11830139160156,186.14999389648438,121.16854095458984,273.69256591796875,128.5375213623047,51.30267333984375,323.56805419921875,40.47169876098633,75.70146942138672,96.916748046875
2023-10-30,168.16246032714844,185.10000610351562,123.43978118896484,284.0018005371094,130.17633056640625,52.1478157043457,330.9260559082031,41.132240295410156,75.36051940917969,97.2197494506836
2023-10-31,168.63644409179688,184.08999633789062,123.0628890991211,286.62628173828125,131.72987365722656,52.46357727050781,331.7109680175781,40.75149917602539,74.99263763427734,97.19220733642578
2023-11-01,171.7964630126953,183.50999450683594,125.4134521484375,289.9776916503906,131.61624145507812,52.41713333129883,339.52032470703125,42.295433044433594,76.61863708496094,96.99938201904297
2023-11-02,175.35150146484375,184.1199951171875,126.44493865966797,296.2084655761719,133.9654998779297,53.02081298828125,341.7277526855469,43.47560119628906,78.36529541015625,100.18556213378906
2023-11-03,174.4429931640625,184.7899932861328,128.041748046875,309.29315185546875,135.46221923828125,52.69575881958008,346.1229248046875,44.973548889160156,78.89647674560547,98.96435546875
2023-11-06,176.99075317382812,183.35000610351562,129.1823272705078,305.7906799316406,136.48524475097656,52.909366607666016,349.7823791503906,45.719032287597656,78.13119506835938,97.21057891845703
2023-11-07,179.54840087890625,182.58999633789062,129.89642333984375,305.8284606933594,136.41893005371094,53.104393005371094,353.70660400390625,45.922889709472656,79.28363800048828,95.68634796142578
2023-11-08,180.6050262451172,180.77000427246094,130.75929260253906,306.404296875,137.0915069580078,53.02081298828125,356.3261413574219,46.54145812988281,80.63416290283203,94.51103973388672
2023-11-09,180.13101196289062,181.49000549316406,129.17239379882812,302.8357238769531,136.6841583251953,52.621463775634766,353.8636779785156,46.91718673706055,78.7794418334961,94.53858947753906
2023-11-10,184.31370544433594,179.50999450683594,131.5031280517578,307.30120849609375,138.7113800048828,52.677188873291016,362.6736755371094,48.30121994018555,79.22059631347656,95.26397705078125
2023-11-13,182.73158264160156,180.50999450683594,131.00721740722656,308.622802734375,138.0956573486328,52.87221145629883,359.740234375,48.586021423339844,79.0405502319336,96.26482391357422
2023-11-14,185.342041015625,182.1199951171875,132.52467346191406,319.772216796875,140.61546325683594,53.03009796142578,363.2622985839844,49.62130355834961,80.83222198486328,96.63546752929688
2023-11-15,185.90565490722656,181.63999938964844,133.5164794921875,318.71490478515625,141.84693908691406,53.13225555419922,363.40972900390625,48.853843688964844,79.69778442382812,96.05170440673828
2023-11-16,187.58665466308594,183.69000244140625,135.80755615234375,317.8368835449219,143.46678161621094,53.07653045654297,369.7996826171875,49.44542694091797,80.68814849853516,94.93977355957031
2023-11-17,187.56687927246094,183.6699981689453,134.2008514404297,320.2159118652344,144.76455688476562,53.17869567871094,363.5867614746094,49.26355743408203,81.06631469726562,97.25630187988281
2023-11-20,189.30714416503906,183.3699951171875,135.13311767578125,320.4613952636719,145.2097930908203,53.308719635009766,371.0482177734375,50.373779296875,81.56147766113281,96.83004760742188
2023-11-21,188.5062255859375,185.35000610351562,135.84722900390625,316.23199462890625,144.90664672851562,53.89381408691406,366.7522277832031,49.909095764160156,81.52546691894531,96.79298400878906
2023-11-22,189.16873168945312,184.55999755859375,137.35475158691406,319.69671630859375,145.24771118164062,54.256011962890625,371.45123291015625,48.68196105957031,81.81359100341797,96.37602233886719
2023-11-24,187.8437042236328,185.52000427246094,135.56951904296875,320.17816162109375,145.44659423828125,54.39532470703125,371.0383605957031,47.742610931396484,80.85022735595703,96.89490509033203
2023-11-27,187.66571044921875,186.77000427246094,135.2918243408203,318.81866455078125,145.11505126953125,54.29315948486328,372.1983642578125,48.20828628540039,82.20075225830078,96.3296890258789
2023-11-28,188.2688751220703,189.25999450683594,136.07530212402344,318.7620544433594,145.44659423828125,54.40460968017578,376.2191162109375,47.78758239746094,82.36280059814453,96.27409362792969
2023-11-29,187.2504119873047,189.5399932861328,133.88343811035156,323.86376953125,146.18551635742188,54.079559326171875,372.434326171875,48.10636520385742,83.398193359375,94.82858276367188
2023-11-30,187.82394409179688,188.75,131.44358825683594,325.0821228027344,147.8527069091797,54.706748962402344,372.49334716796875,46.7373161315918,82.43482971191406,95.19923400878906
2023-12-01,189.09950256347656,192.00999450683594,130.77911376953125,331.64013671875,148.5726776123047,54.89398193359375,368.1678466796875,46.732322692871094,83.9874038696289,95.43089294433594
2023-12-04,187.3097686767578,187.86000061035156,128.2103271484375,332.5538330078125,149.66204833984375,54.828453063964844,362.8887634277344,45.47819900512695,83.65324401855469,94.9119873046875
2023-12-05,191.25509643554688,187.14999389648438,129.916259765625,325.2820129394531,149.64312744140625,54.912696838378906,366.21148681640625,46.537559509277344,85.45056915283203,93.06803894042969
2023-12-06,190.16741943359375,187.83999633789062,128.95420837402344,325.49139404296875,148.0706024169922,54.856536865234375,362.55450439453125,45.475196838378906,86.58859252929688,91.83566284179688
2023-12-07,192.09559631347656,188.14999389648438,135.80755615234375,328.0136413574219,148.5253143310547,54.98759460449219,364.6680908203125,46.56753158569336,86.09182739257812,91.19630432128906
2023-12-08,193.51950073242188,185.63999938964844,133.88343811035156,333.9244689941406,150.1641082763672,54.86589431762695,367.89251708984375,47.47697830200195,85.3873519897461,92.24337005615234
2023-12-11,191.01779174804688,183.58999633789062,132.19740295410156,334.8096618652344,150.71353149414062,55.26842498779297,365.0121765136719,46.598514556884766,85.20670318603516,92.30821990966797
2023-12-12,192.53065490722656,183.49000549316406,131.43370056152344,335.6186828613281,152.05870056152344,55.62415313720703,368.0400085449219,47.62788772583008,85.4595947265625,90.85346221923828
2023-12-13,195.74427795410156,187.6300048828125,131.48329162597656,345.25103759765625,152.57020568847656,56.1015739440918,368.0301818847656,48.05862808227539,87.46466827392578,91.65959930419922
2023-12-14,195.89259338378906,188.72999572753906,130.8584442138672,364.9916076660156,155.34580993652344,55.26842498779297,359.7331237792969,48.320465087890625,89.7398910522461,94.12435150146484
2023-12-15,195.35867309570312,187.0,131.51304626464844,362.17431640625,156.5203857421875,54.856536865234375,364.45184326171875,48.860130310058594,89.83953857421875,93.4942855834961
2023-12-18,193.6974639892578,187.85000610351562,134.6868133544922,358.2623291015625,157.4676971435547,55.24970626831055,366.33929443359375,50.046409606933594,89.12374114990234,94.18922424316406
2023-12-19,194.7357177734375,189.1300048828125,135.52984619140625,364.020751953125,159.5706787109375,55.07183837890625,366.93902587890625,49.57368850708008,89.60396575927734,95.43089294433594
2023-12-20,192.64932250976562,188.10000610351562,137.2059783935547,359.3283386230469,157.77084350585938,53.929779052734375,364.34368896484375,48.08160400390625,90.21105194091797,93.83712005615234
2023-12-21,192.50100708007812,189.42999267578125,139.26895141601562,362.23138427734375,158.6707763671875,54.28550338745117,367.2142639160156,48.9600715637207,89.64019012451172,94.26335906982422
2023-12-22,191.43309020996094,190.27000427246094,140.33016967773438,362.3074645996094,158.57601928710938,54.594417572021484,368.23663330078125,48.8001708984375,89.23247528076172,94.43014526367188
2023-12-26,190.88926696777344,191.72000122070312,140.3599395751953,363.22125244140625,159.5138397216797,54.819091796875,368.3152770996094,49.2488899230957,89.48616027832031,94.64325714111328
2023-12-27,190.98809814453125,192.58999633789062,139.21934509277344,365.9529724121094,160.47059631347656,54.959503173828125,367.73529052734375,49.38681411743164,91.07185363769531,94.19850158691406
2023-12-28,191.41329956054688,191.47000122070312,139.08050537109375,367.78997802734375,161.3231658935547,54.9969482421875,368.92474365234375,49.49174499511719,90.4103775024414,92.83639526367188
2023-12-29,190.37509155273438,191.1699981689453,138.544921875,367.1808166503906,161.1337432861328,55.16545486450195,369.6719055175781,49.49174499511719,89.59491729736328,92.64181518554688
2024-01-02,183.56216430664062,190.72000122070312,137.0373992919922,369.5888671875,163.00933837890625,55.998600006103516,364.58941650390625,48.138572692871094,89.07843017578125,94.84712219238281
2024-01-03,182.187744140625,189.1300048828125,137.78125,363.3926086425781,162.2988739013672,56.1296501159668,364.32403564453125,47.53993606567383,89.4499282836914,95.64399719238281
2024-01-04,179.87391662597656,189.32000732421875,135.27197265625,364.4966735839844,163.37594604492188,55.94242858886719,361.7090759277344,47.96868133544922,88.09078979492188,94.81005859375
2024-01-05,179.152099609375,189.35000610351562,134.61737060546875,367.8185119628906,164.19557189941406,55.858177185058594,361.52227783203125,49.067012786865234,87.24810028076172,95.09729766845703
2024-01-08,183.4830780029297,187.8699951171875,137.70188903808594,370.12188720703125,163.95733642578125,56.27006912231445,368.3447570800781,52.22107696533203,88.10889434814453,93.51280212402344
2024-01-09,183.06781005859375,187.92999267578125,139.7946014404297,365.2486267089844,162.6610870361328,56.16709899902344,369.4261474609375,53.107540130615234,87.54716491699219,92.35455322265625
2024-01-10,184.1060333251953,187.5,141.11366271972656,363.55438232421875,163.0041961669922,56.35432052612305,376.28790283203125,54.316795349121094,87.1393814086914,91.44648742675781
2024-01-11,183.5127410888672,187.8699951171875,140.9153289794922,361.4508972167969,162.31793212890625,55.98924255371094,378.1164245605469,54.788509368896484,87.628662109375,91.42794799804688
2024-01-12,183.8390655517578,189.7100067138672,141.48065185546875,359.5472412109375,161.1265411376953,56.53218460083008,381.8914489746094,54.676578521728516,87.45651245117188,92.61400604248047
2024-01-16,181.57469177246094,187.91000366210938,141.32199096679688,362.1171875,160.11622619628906,56.157745361328125,383.6609191894531,56.347557067871094,85.9161605834961,90.51988220214844
2024-01-17,180.6352996826172,185.83999633789062,140.3103485107422,359.0047302246094,159.25839233398438,56.157745361328125,382.87451171875,56.01875686645508,85.78024291992188,89.86199188232422
2024-01-18,186.5187225341797,187.3699951171875,142.30384826660156,358.74774169921875,159.5729217529297,56.31687927246094,387.199951171875,57.072113037109375,84.98286437988281,89.6952133178711
2024-01-19,189.41592407226562,187.92999267578125,145.1800994873047,363.7828369140625,162.32748413085938,56.007957458496094,391.9186706542969,59.45465850830078,85.25469207763672,89.83419036865234
2024-01-22,191.71983337402344,187.22000122070312,144.79330444335938,367.36163330078125,162.13685607910156,55.76456832885742,389.7952575683594,59.6175651550293,85.76212310791016,89.71373748779297
2024-01-23,192.9954376220703,187.9499969482422,145.8346710205078,362.42169189453125,161.06935119628906,56.02667999267578,392.1448059082031,59.836429595947266,85.0825424194336,90.72373962402344
2024-01-24,192.32301330566406,186.39999389648438,147.48104858398438,361.11773681640625,162.50856018066406,55.146724700927734,395.7427978515625,61.32451248168945,84.58418273925781,92.2896957397461
2024-01-25,191.99668884277344,187.13999938964844,150.62506103515625,364.25872802734375,164.83421325683594,55.38076400756836,398.013671875,61.57936096191406,85.13690948486328,94.63399505615234
2024-01-26,190.2663116455078,187.00999450683594,150.9424591064453,359.5853271484375,164.2051239013672,55.57734298706055,397.0896301269531,60.993717193603516,84.97381591796875,95.44014739990234
2024-01-29,189.58399963378906,188.3300018310547,152.25164794921875,362.2218322753906,164.63406372070312,55.91434860229492,402.7815246582031,62.42683410644531,85.952392578125,95.56060028076172
2024-01-30,185.93531799316406,188.58999633789062,150.2184600830078,368.2277526855469,168.0081329345703,56.073490142822266,401.670654296875,62.73564910888672,86.73163604736328,97.15436553955078
2024-01-31,182.3360595703125,188.4499969482422,138.9515838623047,365.505615234375,166.18763732910156,55.68967819213867,390.84716796875,61.489418029785156,87.58336639404297,95.26409149169922
2024-02-01,184.76853942871094,190.41000366210938,140.00289916992188,365.3533020019531,165.587158203125,57.084495544433594,396.9421691894531,62.98849868774414,89.30142211914062,94.87491607666016
2024-02-02,183.76983642578125,188.61000061035156,141.21290588378906,369.1700744628906,166.54029846191406,56.67259979248047,404.2561340332031,66.11959075927734,87.328857421875,94.48575592041016
2024-02-05,185.57937622070312,187.57000732421875,142.50222778320312,364.5632629394531,166.32107543945312,56.20454025268555,398.78045654296875,69.28964233398438,85.56538391113281,94.09656524658203
2024-02-06,187.1812286376953,188.5500030517578,142.91876220703125,366.43841552734375,166.8929443359375,56.110931396484375,398.6231994628906,68.18132019042969,86.40167236328125,94.74520111083984
2024-02-07,187.2899932861328,188.5,144.34698486328125,368.0279541015625,167.2074737548828,56.157745361328125,407.0382385253906,70.05616760253906,85.98350524902344,94.7174072265625
2024-02-08,186.21218872070312,188.3300018310547,144.7139434814453,366.48602294921875,166.60704040527344,56.007957458496094,407.09722900390625,69.59844207763672,85.48353576660156,96.33895111083984
2024-02-09,186.97454833984375,187.60000610351562,147.7786102294922,365.7435607910156,166.8071746826172,55.755210876464844,413.4281311035156,72.08894348144531,85.31082916259766,94.3004150390625
2024-02-12,185.2914276123047,187.11000061035156,146.3206787109375,373.71978759765625,167.5506134033203,55.886260986328125,408.22772216796875,72.203857421875,85.41083526611328,95.59765625
2024-02-13,183.20237731933594,184.52999877929688,143.9502410888672,360.49908447265625,166.0923309326172,55.558624267578125,399.439208984375,72.08393859863281,83.94734191894531,94.7746810913086
2024-02-14,182.32119750976562,184.4199981689453,144.74371337890625,359.82330322265625,167.7793426513672,55.50245666503906,403.29986572265625,73.85486602783203,84.37456512451172,94.30706024169922
2024-02-15,182.03411865234375,185.66000366210938,141.5996856689453,366.8476867675781,171.4393768310547,55.605430603027344,400.4141540527344,72.61360168457031,84.81087493896484,97.00985717773438
2024-02-16,180.49948120117188,186.33999633789062,139.3681182861328,365.9149169921875,170.6387481689453,55.59606170654297,397.95196533203125,72.56863403320312,84.32002258300781,97.00985717773438
2024-02-20,179.75694274902344,187.47000122070312,139.96319580078125,365.9910583496094,171.30592346191406,56.82238006591797,396.7011413574219,69.40956115722656,84.39275360107422,96.09333801269531
2024-02-21,180.5093994140625,187.47999572753906,141.38148498535156,369.5603332519531,172.4210968017578,57.32788848876953,396.100341796875,67.43077850341797,83.79278564453125,98.05729675292969
2024-02-22,182.5390167236328,187.55999755859375,142.9088592529297,371.6543273925781,174.48941040039062,57.24363327026367,405.4272155761719,78.49002838134766,84.20183563232422,97.9731216430664
2024-02-23,180.70742797851562,188.6199951171875,142.77992248535156,372.2063293457031,175.3662872314453,57.290443420410156,404.13702392578125,78.76885223388672,85.32901763916016,97.11270141601562
2024-02-26,179.36093139648438,188.1999969482422,136.44235229492188,371.4163513183594,174.7657928466797,56.83174133300781,401.3793640136719,79.04368591308594,85.07450866699219,97.49614715576172
2024-02-27,180.8163299560547,188.0,137.74160766601562,371.9779357910156,174.85159301757812,56.485374450683594,401.3202209472656,78.65291595458984,84.47454833984375,97.2904052734375
2024-02-28,179.6183319091797,188.33999633789062,135.26205444335938,376.8857727050781,175.73802185058594,56.54154586791992,401.556640625,77.61555480957031,85.01085662841797,97.5616226196289
2024-02-29,178.95497131347656,189.30999755859375,137.3250274658203,372.9269104003906,177.33926391601562,56.185821533203125,407.3871765136719,79.06366729736328,85.61082458496094,97.7486572265625
2024-03-01,177.87579345703125,192.88999938964844,136.01583862304688,372.01629638671875,176.60531616210938,55.72712326049805,409.21905517578125,82.22872161865234,86.14427185058594,98.98314666748047
2024-03-04,173.36109924316406,196.00999450683594,132.25689697265625,375.9942932128906,177.93017578125,55.98924255371094,408.6478271484375,85.1849136352539,85.7977523803711,97.59903717041016
2024-03-05,168.43055725097656,197.19000244140625,131.5824737548828,374.7098388671875,179.71255493164062,55.7177619934082,396.5632629394531,85.91551208496094,87.0196533203125,98.79608917236328
2024-03-06,167.44049072265625,198.80999755859375,130.32290649414062,373.4253845214844,180.64659118652344,55.745845794677734,396.01171875,88.64997100830078,87.53028869628906,99.8528823852539
2024-03-07,167.32167053222656,199.94000244140625,133.27845764160156,372.33258056640625,179.0644073486328,55.64287185668945,402.95513916015625,92.6167221069336,87.44824981689453,100.41402435302734
2024-03-08,169.0345001220703,201.6300048828125,134.30001831054688,370.9522705078125,179.39804077148438,55.7177619934082,400.07928466796875,87.4786376953125,87.29322052001953,101.35858917236328
2024-03-11,171.034423828125,202.0,136.54147338867188,370.15667724609375,179.4647216796875,56.39176940917969,398.4049987792969,85.72562408447266,87.24762725830078,101.95712280273438
2024-03-12,171.50967407226562,199.7899932861328,137.3646697998047,372.09295654296875,180.9420928955078,56.63515853881836,409.0023498535156,91.86116790771484,86.51812744140625,101.30247497558594
2024-03-13,169.43052673339844,201.19000244140625,138.64410400390625,376.0517883300781,182.40989685058594,57.21554946899414,408.8250732421875,90.83673095703125,86.09866333007812,102.43408966064453
2024-03-14,171.28195190429688,200.35000610351562,141.92698669433594,372.5051574707031,179.15972900390625,57.08816909790039,418.7921142578125,87.89439392089844,84.77645111083984,104.24840545654297
2024-03-15,170.90570068359375,199.7100067138672,140.022705078125,371.1631774902344,181.3805389404297,56.50312805175781,410.1251220703125,87.7874526977539,84.74909973144531,104.06135559082031
2024-03-18,171.9947967529297,200.02999877929688,146.46945190429688,368.44085693359375,183.62994384765625,56.73903274536133,411.0115051269531,88.40510559082031,84.49378967285156,105.02464294433594
2024-03-19,174.3313751220703,199.8000030517578,145.82473754882812,372.55303955078125,184.70693969726562,56.83338928222656,415.0397033691406,89.34759521484375,84.7308578491211,105.76345825195312
2024-03-20,176.89564514160156,202.17999267578125,147.52072143554688,380.03936767578125,187.12791442871094,57.324066162109375,418.80194091796875,90.32102966308594,84.70350646972656,105.66992950439453
2024-03-21,169.66812133789062,201.97000122070312,146.3900909423828,396.56494140625,189.7299346923828,57.05986022949219,422.87933349609375,91.3834228515625,84.88587188720703,106.13752746582031
2024-03-22,170.56907653808594,200.35000610351562,149.53408813476562,389.9604797363281,187.404296875,57.078731536865234,422.25885009765625,94.2358169555664,85.69744873046875,106.13752746582031
2024-03-25,169.15330505371094,200.99000549316406,148.83984375,388.1584167480469,185.6886749267578,56.993812561035156,416.4677429199219,94.94841003417969,85.26885223388672,107.2223892211914
2024-03-26,168.02462768554688,201.63999938964844,149.43490600585938,389.3469543457031,186.55599975585938,57.12590789794922,415.2760009765625,92.50878143310547,85.5059585571289,106.41810607910156
2024-03-27,171.58885192871094,203.10000610351562,149.63327026367188,398.0411071777344,190.1683807373047,57.58827590942383,415.05938720703125,90.1990966796875,86.3539810180664,107.52165222167969
2024-03-28,169.7770538330078,205.72000122070312,149.69277954101562,400.3800354003906,190.9118194580078,57.72981262207031,414.3601379394531,90.3050308227539,86.28104400634766,108.70936584472656
2024-04-01,168.34146118164062,207.82000732421875,154.21543884277344,396.37322998046875,189.61558532714844,57.258018493652344,418.15185546875,90.31202697753906,84.67268371582031,109.41080474853516
2024-04-02,167.1632537841797,210.88999938964844,153.29302978515625,393.1524963378906,189.53932189941406,56.757904052734375,415.0692138671875,89.40154266357422,84.20606994628906,111.55242919921875
2024-04-03,167.96522521972656,212.74000549316406,153.6500701904297,396.8428955078125,189.00555419921875,56.4559440612793,414.0942077636719,88.91382598876953,84.18778228759766,111.5711441040039
2024-04-04,167.14346313476562,211.52000427246094,149.29605102539062,389.4140930175781,187.56752014160156,55.955833435058594,411.5630798339844,85.85653686523438,84.79159545898438,111.96392822265625
2024-04-05,167.8959197998047,215.13999938964844,151.24990844726562,391.15869140625,189.2931671142578,56.15399169921875,419.0875549316406,87.95835876464844,83.61140441894531,113.50704193115234
2024-04-08,166.77711486816406,216.47999572753906,153.58065795898438,393.5263671875,190.28060913085938,55.92753219604492,418.1716003417969,87.08385467529297,83.60226440429688,112.74016571044922
2024-04-09,167.98500061035156,217.6699981689453,155.31631469726562,393.68927001953125,189.00558471679688,56.352149963378906,419.8360290527344,85.30583953857422,84.3799057006836,113.329345703125
2024-04-10,166.11380004882812,215.61000061035156,154.86009216308594,384.1516418457031,187.39495849609375,55.597267150878906,416.86175537109375,86.98990631103516,82.5409927368164,114.28324890136719
2024-04-11,173.3016815185547,219.8000030517578,158.10328674316406,381.007568359375,187.3566131591797,55.719932556152344,421.46112060546875,90.56489562988281,82.16586303710938,113.89981842041016
2024-04-12,174.79669189453125,216.88999938964844,156.4370574951172,373.3486328125,175.23878479003906,54.99336242675781,415.52227783203125,88.1362533569336,82.60502624511719,112.57180786132812
2024-04-15,170.9750213623047,220.9499969482422,153.590576171875,384.2666320800781,175.3346405029297,54.86125946044922,407.3871765136719,85.95250701904297,81.3241958618164,111.926513671875
2024-04-16,167.69789123535156,221.22000122070312,153.13433837890625,380.41326904296875,173.3310089111328,54.785770416259766,408.31292724609375,87.36569213867188,80.78440856933594,111.00065612792969
2024-04-17,166.3315887451172,219.58999633789062,154.19558715820312,387.1710205078125,172.6407470703125,55.210391998291016,405.6143798828125,83.98759460449219,81.68098449707031,110.94454956054688
2024-04-18,165.38111877441406,220.33999633789062,154.73114013671875,386.4042053222656,173.76242065429688,55.587825775146484,398.15875244140625,84.62324523925781,81.269287109375,110.84166717529297
2024-04-19,163.36141967773438,221.02999877929688,152.82687377929688,387.2573547363281,178.12442016601562,56.77676773071289,393.08660888671875,76.15702056884766,81.56207275390625,112.1135482788086
2024-04-22,164.19305419921875,215.57000732421875,154.99891662597656,400.0541076660156,181.58531188964844,57.135345458984375,394.8988037109375,79.47315216064453,81.42483520507812,112.74951171875
2024-04-23,165.24252319335938,215.0399932861328,156.96270751953125,406.4285583496094,184.20252990722656,57.220272064208984,401.4089050292969,82.37651062011719,81.45227813720703,113.1890640258789
2024-04-24,167.3414764404297,214.63999938964844,157.82557678222656,405.5082702636719,185.1037139892578,58.07895278930664,402.8763427734375,79.63206481933594,80.87589263916016,113.20777130126953
2024-04-25,168.20286560058594,215.9199981689453,154.72122192382812,402.64215087890625,185.3817138671875,58.258243560791016,393.0078125,82.58539581298828,80.30867004394531,113.46961975097656
2024-04-26,167.6186981201172,216.6199951171875,170.54049682617188,409.8505859375,185.49676513671875,58.258243560791016,400.1778259277344,87.6855239868164,80.72950744628906,110.31796264648438
2024-04-29,171.77699279785156,216.17999267578125,164.78802490234375,412.9562683105469,185.2954559326172,58.541316986083984,396.1693420410156,87.70750427246094,81.40653991699219,111.88910675048828
2024-04-30,168.63845825195312,211.8699951171875,161.44566345214844,409.02618408203125,183.8190460205078,58.28654479980469,383.44464111328125,86.353271484375,80.7112045288086,110.60786437988281
2024-05-01,167.6186981201172,213.7899932861328,162.5167999267578,409.25628662109375,183.93409729003906,58.437522888183594,388.9698181152344,82.99415588378906,81.30614471435547,108.51297760009766
2024-05-02,171.31163024902344,213.1300048828125,165.254150390625,414.64337158203125,183.74234008789062,58.494140625,391.82598876953125,85.76859283447266,81.6550064086914,108.70936584472656
2024-05-03,181.55886840820312,212.9600067138672,165.86912536621094,420.0209045410156,182.6398468017578,58.663978576660156,400.5126647949219,88.7389144897461,82.48130798339844,108.48492431640625
2024-05-06,179.90545654296875,215.1999969482422,166.7220458984375,425.2832946777344,184.06832885742188,58.833831787109375,407.28863525390625,92.08802795410156,82.80262756347656,109.18634033203125
2024-05-07,180.5885772705078,214.2100067138672,169.84622192382812,425.4079284667969,183.82864379882812,59.08860397338867,403.1521301269531,90.5029296875,83.30757141113281,108.64390563964844
2024-05-08,180.9252166748047,213.5800018310547,167.99156188964844,428.42742919921875,187.56752014160156,59.30563735961914,404.333984375,90.36100769042969,82.80262756347656,108.62520599365234
2024-05-09,182.73704528808594,216.9499969482422,168.56678771972656,436.6806335449219,189.34112548828125,59.33394241333008,406.0871276855469,88.69694519042969,83.20657348632812,110.76686096191406
2024-05-10,181.4779815673828,218.7100067138672,167.26751708984375,435.88494873046875,190.55865478515625,59.6925163269043,408.470458984375,89.82730865478516,82.73836517333984,110.31796264648438
2024-05-13,184.68020629882812,216.25999450683594,167.75352478027344,434.7634582519531,190.52027893066406,59.99447250366211,407.4659118652344,90.34803009033203,82.94950866699219,110.27119445800781
2024-05-14,185.82032775878906,218.08999633789062,168.9436798095703,439.4700012207031,193.1854248046875,59.54153823852539,410.2630310058594,91.30448150634766,83.4177474975586,110.94058227539062
2024-05-15,188.0906524658203,220.88999938964844,171.09588623046875,446.7742004394531,193.76065063476562,59.56985092163086,417.43603515625,94.57662963867188,84.55619812011719,111.79854583740234
2024-05-16,188.20962524414062,220.02999877929688,172.75218200683594,445.26922607421875,194.10577392578125,59.74913787841797,415.3738708496094,94.3057861328125,84.47356414794922,111.12914276123047
2024-05-17,188.2393798828125,223.66000366210938,174.61680603027344,448.33660888671875,196.32992553710938,59.475486755371094,414.6042785644531,92.42684173583984,83.90434265136719,112.79792022705078
2024-05-20,189.39935302734375,224.55999755859375,175.4697723388672,443.7547302246094,187.50042724609375,59.04143142700195,419.6658630371094,94.72654724121094,83.65646362304688,111.88339233398438
2024-05-21,190.69808959960938,224.22999572753906,176.39212036132812,450.9151916503906,191.27764892578125,59.36225891113281,423.3164978027344,95.33219146728516,84.08796691894531,111.11028289794922
2024-05-22,189.2605438232422,220.11000061035156,174.9341583251953,443.21795654296875,190.1176300048828,59.44718551635742,424.7767639160156,94.89644622802734,84.18891906738281,108.87583923339844
2024-05-23,185.27505493164062,215.72000122070312,172.12734985351562,439.1632385253906,188.7850341796875,58.588497161865234,421.3037109375,103.74046325683594,83.64727783203125,107.01849365234375
2024-05-24,188.3484344482422,215.9199981689453,173.55555725097656,442.0677185058594,192.4185028076172,58.503578186035156,424.42156982421875,106.40895080566406,83.89515686035156,106.93363189697266
2024-05-28,188.3583526611328,218.19000244140625,174.95399475097656,440.7544250488281,191.2584686279297,58.3337287902832,424.5794677734375,113.83675384521484,82.69245910644531,108.29129028320312
2024-05-29,188.65576171875,216.16000366210938,174.45809936523438,438.2238464355469,189.9259033203125,58.22049331665039,423.4447937011719,114.7602310180664,81.69173431396484,107.13162994384766
2024-05-30,189.64720153808594,216.57000732421875,170.69918823242188,434.18316650390625,191.09552001953125,58.47526931762695,409.13824462890625,110.43767547607422,82.48130798339844,107.47103881835938
2024-05-31,190.5989532470703,215.3000030517578,171.0859832763672,440.24896240234375,194.25917053222656,59.38113021850586,409.5920715332031,109.5711669921875,83.04132080078125,110.55403137207031
2024-06-03,192.3636474609375,217.22000122070312,171.75048828125,438.7638854980469,193.482666015625,59.38113021850586,408.0035095214844,114.93513488769531,84.38448333740234,107.90473175048828
2024-06-04,192.68092346191406,215.27000427246094,172.36538696289062,439.07244873046875,190.9325408935547,60.33416748046875,410.51953125,116.371337890625,85.37019348144531,106.22652435302734
2024-06-05,194.18783569335938,217.82000732421875,173.97213745117188,445.22509765625,189.11102294921875,60.31529998779297,418.3536376953125,122.37093353271484,85.99662780761719,106.65080261230469
2024-06-06,192.80978393554688,219.42999267578125,175.2812957763672,441.772705078125,188.7754669189453,60.5323371887207,418.8568115234375,120.92977142333984,85.86766815185547,107.45218658447266
2024-06-07,195.1990966796875,211.60000610351562,173.02989196777344,438.6963806152344,191.68988037109375,60.30586242675781,418.1957702636719,120.81981658935547,84.29234313964844,106.30195617675781
2024-06-10,191.46145629882812,213.5399932861328,173.7746124267578,437.38482666015625,191.36395263671875,60.00390625,422.1621398925781,121.72130584716797,83.73041534423828,106.61307525634766
2024-06-11,205.37098693847656,214.14999389648438,175.37322998046875,428.4355773925781,186.33084106445312,59.96615982055664,426.9079284667969,120.85173797607422,84.59637451171875,105.755126953125
2024-06-12,211.24014282226562,214.72000122070312,176.5349884033203,432.7077331542969,183.61773681640625,59.33394241333008,435.1761474609375,125.13966369628906,85.23201751708984,104.58604431152344
2024-06-13,212.4001007080078,212.97000122070312,173.92355346679688,430.4414978027344,185.65972900390625,59.437747955322266,435.689208984375,129.5475311279297,86.48489379882812,103.74694061279297
2024-06-14,210.66513061523438,215.72999572753906,175.5420379638672,430.54754638671875,185.7747802734375,59.48053741455078,436.66607666015625,131.8164520263672,87.2126693725586,102.8701171875
2024-06-17,214.8092041015625,214.61000061035156,175.98887634277344,434.1349792480469,186.9251708984375,59.547096252441406,442.388671875,130.9168701171875,86.34671783447266,102.16301727294922
2024-06-18,212.44964599609375,215.47000122070312,173.85403442382812,441.1265869140625,188.8617706298828,59.55660629272461,440.3857116699219,135.51466369628906,87.1389389038086,103.12468719482422
2024-06-20,207.87925720214844,218.16000366210938,175.05552673339844,441.7244567871094,190.46275329589844,59.12869644165039,439.7542724609375,130.71697998046875,86.5585708618164,105.3497085571289
2024-06-21,205.70806884765625,214.77999877929688,178.36199951171875,434.1349792480469,188.19065856933594,59.68973922729492,443.77984619140625,126.50899505615234,86.5585708618164,104.42576599121094
2024-06-24,206.35247802734375,215.6300048828125,177.95489501953125,445.6204833984375,190.66409301757812,60.83085632324219,441.697998046875,118.0530776977539,86.90864562988281,107.52761840820312
2024-06-25,207.27450561523438,214.55999755859375,182.73092651367188,441.078369140625,189.88758850097656,60.70723342895508,444.9342041015625,126.02922821044922,87.05603790283203,107.82930755615234
2024-06-26,211.41860961914062,212.5800018310547,182.58201599121094,439.612548828125,189.2740020751953,60.90692901611328,446.1280822753906,126.3390884399414,85.8124008178711,107.86701965332031
2024-06-27,212.2613067626953,214.99000549316406,184.10122680664062,430.0653381347656,190.94210815429688,60.77379608154297,446.8088684082031,123.93025207519531,86.15322875976562,108.32899475097656
2024-06-28,208.8112030029297,215.00999450683594,180.8642120361328,436.19873046875,193.90447998046875,60.526554107666016,440.98760986328125,123.48046875,84.55028533935547,108.53642272949219
2024-07-01,214.88853454589844,215.57000732421875,181.6982879638672,447.1345520019531,196.96267700195312,60.17470932006836,450.63714599609375,124.24010467529297,83.09105682373047,108.38556671142578
2024-07-02,218.3782958984375,215.55999755859375,183.9324188232422,449.0150451660156,200.20306396484375,60.05109405517578,453.153076171875,122.61087799072266,83.73796844482422,107.6501693725586
2024-07-03,219.64730834960938,217.99000549316406,184.50831604003906,451.2427062988281,200.06883239746094,60.222259521484375,454.6231994628906,128.21817016601562,84.83770751953125,108.1969985961914
2024-07-05,224.3961639404297,220.92999267578125,189.25457763671875,448.1856994628906,197.41781616210938,60.63115692138672,461.3226318359375,125.76934814453125,85.54006958007812,106.8864974975586
2024-07-08,225.8634796142578,218.19000244140625,187.6956329345703,448.253173828125,197.78414916992188,59.87041473388672,460.02020263671875,128.13818359375,85.72491455078125,105.7645492553711
2024-07-09,226.71609497070312,218.55999755859375,187.64599609375,455.9776916503906,200.1555938720703,59.61366271972656,453.40966796875,131.3166961669922,85.34600830078125,104.59546661376953
2024-07-10,230.97914123535156,219.36000061035156,189.83047485351562,461.8216857910156,200.3194580078125,59.74679946899414,460.0301208496094,134.84498596191406,85.61402130126953,105.51942443847656
2024-07-11,225.6156005859375,223.25,184.26007080078125,462.1496276855469,199.9820556640625,60.003543853759766,448.6342468261719,127.33860778808594,86.44575500488281,106.77335357666016
2024-07-12,228.56007385253906,223.11000061035156,183.7635955810547,462.7763977050781,197.56240844726562,60.574100494384766,447.49951171875,129.17774963378906,86.81542205810547,106.7922134399414
2024-07-15,232.386962890625,223.8300018310547,185.21327209472656,474.686279296875,202.4884796142578,60.29833221435547,447.904052734375,128.3780975341797,85.81731414794922,108.62126922607422
2024-07-16,232.80337524414062,228.2899932861328,182.62173461914062,485.0916748046875,205.92996215820312,61.116127014160156,443.5233154296875,126.2990951538086,87.02796173095703,109.40380096435547
2024-07-17,226.91436767578125,227.22999572753906,179.7421875,484.2815856933594,209.06297302246094,62.010005950927734,437.6033630371094,117.9331283569336,87.04645538330078,110.91229248046875
2024-07-18,222.2547607421875,225.77999877929688,176.4357147216797,468.880859375,202.42098999023438,61.99098205566406,434.4953918457031,121.03164672851562,86.38105773925781,112.00596618652344
2024-07-19,222.38360595703125,221.72999572753906,176.40591430664062,467.6464538574219,202.2281951904297,62.08607864379883,431.2788391113281,117.8731689453125,85.87277221679688,109.43208312988281
2024-07-22,222.03660583496094,221.8000030517578,180.3876190185547,469.6812438964844,202.71018981933594,61.59158706665039,437.03106689453125,123.48046875,85.62325286865234,108.6778335571289
2024-07-23,223.0775909423828,222.5800018310547,180.5067596435547,474.6091003417969,202.75839233398438,61.772274017333984,438.9156188964844,122.53091430664062,85.50311279296875,106.92420959472656
2024-07-24,216.66317749023438,221.8000030517578,171.41140747070312,469.3533630371094,201.08103942871094,62.58055877685547,423.17840576171875,114.1949462890625,84.57896423339844,108.4327163696289
2024-07-25,215.62217712402344,218.3300018310547,166.0991973876953,474.1847839355469,201.15814208984375,62.827796936035156,412.8184814453125,112.22588348388672,85.27207946777344,110.71430206298828
2024-07-26,216.08815002441406,220.6300048828125,165.8211669921875,481.243896484375,204.59963989257812,63.759708404541016,419.5967712402344,113.00550842285156,85.93746948242188,110.62002563476562
2024-07-29,216.36573791503906,220.32000732421875,168.3332977294922,475.1588134765625,203.25965881347656,63.55049514770508,421.037353515625,111.53620910644531,86.39955139160156,109.46036529541016
2024-07-30,216.92092895507812,222.52000427246094,169.0879364013672,487.6472473144531,207.4434356689453,64.35879516601562,417.27813720703125,103.68000793457031,86.73224639892578,111.4119873046875
2024-07-31,220.17276000976562,226.5500030517578,170.32908630371094,490.8874816894531,205.13949584960938,63.46491622924805,412.7691345214844,116.96359252929688,87.61943817138672,111.80796813964844
2024-08-01,216.48471069335938,225.77000427246094,169.55459594726562,482.2950134277344,200.47373962402344,64.62506103515625,411.5456237792969,109.15736389160156,88.3751220703125,110.26174926757812
2024-08-02,217.97181701660156,225.33999633789062,165.48355102539062,453.86578369140625,191.97120666503906,65.9278335571289,403.0406494140625,107.21829223632812,91.12902069091797,110.19576263427734
2024-08-05,207.4727783203125,222.47999572753906,158.1258544921875,442.6598815917969,187.88385009765625,64.7581787109375,389.87860107421875,100.40158081054688,91.61122131347656,108.2064208984375
2024-08-06,205.45028686523438,220.6999969482422,157.17262268066406,453.46075439453125,193.12802124023438,64.71063995361328,394.279052734375,104.19976043701172,89.56199645996094,107.6313247680664
2024-08-07,208.01806640625,220.5500030517578,157.8180694580078,456.1512756347656,193.18585205078125,65.10051727294922,393.11480712890625,98.86233520507812,88.93148040771484,109.06439971923828
2024-08-08,211.47804260253906,224.00999450683594,160.88621520996094,468.4564514160156,196.71412658691406,65.35726928710938,397.3180236816406,104.91940307617188,88.38439178466797,111.14800262451172
2024-08-09,214.38290405273438,224.55999755859375,162.51466369628906,472.7864990234375,198.39146423339844,65.30972290039062,400.6036071777344,104.69951629638672,89.25601196289062,112.05310821533203
2024-08-12,215.91146850585938,228.41000366210938,161.14439392089844,468.1961364746094,198.76744079589844,64.82475280761719,401.383056640625,108.96746063232422,89.5805435180664,112.19452667236328
2024-08-13,219.62364196777344,228.05999755859375,163.00120544433594,474.4066162109375,200.45443725585938,65.10051727294922,408.4870300292969,116.08402252197266,90.20177459716797,111.11970520019531
2024-08-14,220.07029724121094,226.1999969482422,159.2379608154297,480.9256896972656,202.67166137695312,65.21463012695312,411.29901123046875,118.02310180664062,90.76741027832031,112.14738464355469
2024-08-15,223.04795837402344,226.91000366210938,160.161376953125,481.2342224121094,203.93447875976562,65.28119659423828,416.1620788574219,122.80078887939453,90.03486633300781,112.84117889404297
2024-08-16,224.3680877685547,231.99000549316406,161.80967712402344,486.2875061035156,206.26736450195312,65.78518676757812,413.6316833496094,124.51995086669922,90.35016632080078,112.30894470214844
2024-08-19,224.20924377441406,231.61000061035156,165.49346923828125,486.6925354003906,207.69407653808594,65.5949935913086,416.6563720703125,129.93736267089844,90.76741027832031,112.65109252929688
2024-08-20,224.8246307373047,232.4600067138672,165.9998779296875,479.6141357421875,206.79757690429688,65.97537231445312,419.88848876953125,127.18866729736328,91.49065399169922,108.89701080322266
2024-08-21,224.71548461914062,232.14999389648438,164.6792755126953,478.7655029296875,206.8747100830078,66.15604400634766,419.2361145019531,128.4380645751953,91.54629516601562,108.20321655273438
2024-08-22,222.85935974121094,229.3699951171875,162.6437530517578,480.0094909667969,208.8316192626953,65.9278335571289,410.7454833984375,123.68036651611328,90.63758850097656,109.0395736694336
2024-08-23,225.1521759033203,232.02000427246094,164.45089721679688,491.26361083984375,210.4511260986328,66.36524200439453,411.9711608886719,129.30763244628906,91.23102569580078,110.55069732666016
2024-08-26,225.4896697998047,232.75999450683594,164.98707580566406,489.76885986328125,211.28018188476562,67.36372375488281,408.70928955078125,126.39905548095703,90.99922180175781,112.91720581054688
2024-08-27,226.33334350585938,233.38999938964844,163.51751708984375,489.1805725097656,212.25379943847656,67.9913330078125,409.0552062988281,128.23817443847656,90.84159851074219,111.84325408935547
2024-08-28,224.80479431152344,231.75,161.70045471191406,485.3905944824219,213.3238525390625,68.22908020019531,405.85272216796875,125.54946899414062,90.73030853271484,110.74079132080078
2024-08-29,228.0802459716797,232.9499969482422,160.6379852294922,491.91937255859375,214.2107391357422,68.51435089111328,408.34356689453125,117.5333251953125,90.43360900878906,112.27093505859375
2024-08-30,227.296142578125,231.2899932861328,162.22671508789062,494.9750671386719,216.70751953125,68.91373443603516,412.3171081542969,119.31246948242188,89.4692611694336,112.09036254882812
2024-09-03,221.1124725341797,230.2899932861328,156.24920654296875,472.8673095703125,212.36949157714844,69.42724609375,404.70611572265625,107.94794464111328,90.93255615234375,109.74286651611328
2024-09-04,219.20675659179688,230.42999267578125,155.34564208984375,475.9521179199219,211.43441772460938,68.99932098388672,404.1723327636719,106.1588134765625,92.10469055175781,108.4028091430664
2024-09-05,220.7253875732422,232.35000610351562,156.1300506591797,473.2747497558594,209.7956085205078,67.67754364013672,403.6682434082031,107.15833282470703,92.6256332397461,107.55694580078125
2024-09-06,219.17698669433594,230.6300048828125,149.85467529296875,465.2522277832031,204.8117218017578,67.64899444580078,397.05560302734375,102.78044891357422,92.61632537841797,107.05323028564453
2024-09-09,219.26634216308594,231.60000610351562,147.85621643066406,473.94403076171875,209.00511169433594,68.32417297363281,401.02911376953125,106.41868591308594,93.016357421875,109.30569458007812
2024-09-10,218.47225952148438,232.6199951171875,147.80648803710938,453.1458740234375,198.1601104736328,68.03887939453125,409.4111328125,108.04789733886719,93.66752624511719,105.3235092163086
2024-09-11,221.0032958984375,232.25,150.29214477539062,457.06494140625,199.76998901367188,67.59194946289062,418.1488342285156,116.85365295410156,93.59310913085938,104.27806091308594
2024-09-12,221.1124725341797,236.3300018310547,153.80186462402344,459.868408203125,199.16268920898438,67.7345962524414,422.06304931640625,119.0927734375,93.1558837890625,105.71317291259766
2024-09-13,220.844482421875,238.67999267578125,156.55596923828125,464.65081787109375,196.9647674560547,68.37128448486328,425.6115417480469,119.05278015136719,93.40705108642578,105.63713836669922
2024-09-16,214.71047973632812,238.66000366210938,157.15249633789062,470.63616943359375,200.37730407714844,69.03193664550781,426.3528747558594,116.73370361328125,94.26287841796875,107.11976623535156
2024-09-17,215.17697143554688,237.33999633789062,158.40530395507812,470.8592529296875,201.71726989746094,68.74469757080078,430.11883544921875,115.54417419433594,93.80704498291016,108.516845703125
2024-09-18,219.04795837402344,235.50999450683594,158.89247131347656,470.073486328125,200.0592041015625,68.69682312011719,425.8290710449219,113.3250503540039,92.64422607421875,108.89701080322266
2024-09-19,227.16708374023438,239.1699981689453,161.20907592773438,488.7472229003906,202.90296936035156,67.61489868164062,433.617919921875,117.82327270507812,92.33723449707031,110.24657440185547
2024-09-20,226.50205993652344,242.2100067138672,162.65077209472656,483.5089111328125,203.4910430908203,68.59150695800781,430.23748779296875,115.95402526855469,91.98374938964844,109.55278015136719
2024-09-23,224.7849578857422,242.67999267578125,160.92076110839844,482.5194396972656,203.82846069335938,68.67767333984375,428.4978332519531,116.21391296386719,91.78839874267578,111.53912353515625
2024-09-24,225.67825317382812,246.07000732421875,161.3582305908203,483.1111755371094,203.97303771972656,68.2947006225586,424.2080383300781,120.82209014892578,91.7697982788086,111.24449920654297
2024-09-25,224.68568420410156,245.72999572753906,160.56283569335938,476.4371337890625,202.62344360351562,68.40957641601562,427.1139831542969,123.4610366821289,91.00698852539062,109.07757568359375
2024-09-26,225.82711791992188,246.97999572753906,161.79571533203125,482.04412841796875,202.2281951904297,68.3617172241211,426.3232421875,123.9908218383789,91.220947265625,107.2052993774414
2024-09-27,226.09510803222656,245.02000427246094,163.00869750976562,483.5865173339844,202.92227172851562,68.73513793945312,423.07122802734375,121.35187530517578,91.69538116455078,110.07550048828125
2024-09-30,231.266357421875,243.05999755859375,164.89779663085938,480.2882385253906,203.26930236816406,68.8021469116211,425.3249206542969,121.39186096191406,91.25813293457031,111.40607452392578
2024-10-01,224.5269012451172,245.61000061035156,166.03128051757812,475.4961853027344,199.5868377685547,68.65853881835938,415.8260498046875,116.95362091064453,91.91704559326172,113.98165893554688
2024-10-02,225.09263610839844,245.66000366210938,164.90774536132812,477.2616882324219,199.82781982421875,67.98831176757812,412.30718994140625,118.80288696289062,91.14244079589844,115.49279022216797
2024-10-03,223.99090576171875,245.49000549316406,164.90774536132812,471.5480041503906,197.84197998046875,67.5191650390625,411.7240295410156,122.80130004882812,90.28382873535156,116.50022888183594
2024-10-04,225.11248779296875,245.0,166.10084533691406,480.3367614746094,204.86415100097656,67.18405151367188,411.2495422363281,124.87047576904297,89.17325592041016,118.63862609863281
2024-10-07,220.04052734375,244.1699981689453,162.0442657470703,479.81292724609375,204.58282470703125,66.07341766357422,404.8049621582031,127.66936492919922,88.50129699707031,119.15184783935547
2024-10-08,224.0901641845703,242.3699951171875,163.4362335205078,481.7045593261719,204.40826416015625,66.2361831665039,409.9151611328125,132.83731079101562,88.65062713623047,115.98700714111328
2024-10-09,227.83209228515625,241.0500030517578,160.93069458007812,490.05682373046875,206.9979248046875,66.60958862304688,412.63336181640625,132.59742736816406,88.1466293334961,116.0345230102539
2024-10-10,227.33583068847656,242.82000732421875,161.1494598388672,488.6405029296875,206.4353485107422,66.3031997680664,411.03216552734375,134.7565460205078,87.80134582519531,117.0324478149414
2024-10-11,225.85691833496094,245.47000122070312,162.30276489257812,500.84393310546875,215.60101318359375,66.60958862304688,411.506591796875,134.74656677246094,87.44670104980469,117.47913360595703
2024-10-14,229.5790252685547,245.07000732421875,164.0128936767578,507.1008605957031,214.81539916992188,67.3468246459961,414.29400634765625,138.01527404785156,87.51203155517578,117.92583465576172
2024-10-15,232.11004638671875,245.9199981689453,164.5100555419922,506.741943359375,215.697998046875,67.3468246459961,413.89862060546875,131.54783630371094,88.57597351074219,114.38082122802734
2024-10-16,230.055419921875,247.14999389648438,164.2117462158203,513.9979248046875,216.910400390625,67.56702423095703,411.3088684082031,135.6662139892578,88.94927215576172,114.67544555664062
2024-10-17,230.4226837158203,248.6300048828125,161.99456787109375,513.163818359375,217.6669158935547,66.925537109375,411.90191650390625,136.87571716308594,87.5400619506836,114.38082122802734
2024-10-18,233.25148010253906,251.27000427246094,162.48175048828125,512.6787109375,218.5883331298828,67.44256591796875,413.3252868652344,137.94529724121094,87.60536193847656,114.05769348144531
2024-10-21,234.72047424316406,251.22000122070312,163.12802124023438,502.299072265625,216.28965759277344,66.49468994140625,413.9381103515625,143.6530303955078,86.07481384277344,114.12422180175781
2024-10-22,234.10508728027344,253.92999267578125,164.19186401367188,502.78399658203125,217.37594604492188,66.49468994140625,422.56719970703125,143.5330810546875,86.15879821777344,114.71346282958984
2024-10-23,229.0430145263672,250.8699951171875,161.84542846679688,501.71697998046875,216.6873321533203,65.115966796875,419.69085693359375,139.50466918945312,85.92549896240234,114.30479431152344
2024-10-24,228.8544464111328,252.8000030517578,161.7857666015625,508.7984924316406,218.21006774902344,64.43618774414062,419.8193359375,140.35433959960938,86.47611236572266,113.65852355957031
2024-10-25,229.68820190429688,253.32000732421875,164.3211212158203,497.2546691894531,215.6204071044922,64.07235717773438,423.1997985839844,141.48388671875,85.99081420898438,113.56348419189453
2024-10-28,231.6633758544922,253.3300018310547,165.76280212402344,507.90606689453125,218.7144317626953,63.83298873901367,421.6578369140625,140.4643096923828,85.75749969482422,113.00273895263672
2024-10-29,231.93138122558594,256.0899963378906,168.705810546875,508.5849914550781,216.19265747070312,62.770225524902344,426.9559020996094,141.19400024414062,85.88817596435547,111.46308898925781
2024-10-30,228.387939453125,257.5,173.45834350585938,508.7015075683594,217.65721130371094,63.114906311035156,427.5291748046875,139.28475952148438,86.14014434814453,110.90235900878906
2024-10-31,224.2291259765625,253.50999450683594,170.12757873535156,502.2892761230469,215.24215698242188,62.530860900878906,401.6518249511719,132.70736694335938,86.28014373779297,110.98789978027344
2024-11-01,221.25143432617188,252.47000122070312,170.30653381347656,503.80255126953125,216.23146057128906,62.24362564086914,405.6253662109375,135.34632873535156,85.0637435913086,109.24866485595703
2024-11-04,220.3581085205078,252.8300018310547,168.26832580566406,496.1585693359375,213.16653442382812,62.33937072753906,403.7374572753906,135.99606323242188,86.38408660888672,112.72713470458984
2024-11-05,221.7873992919922,253.39999389648438,168.7654571533203,511.184814453125,214.8251190185547,62.588314056396484,406.7027587890625,139.8545379638672,86.84291076660156,113.05976867675781
2024-11-06,221.0628662109375,245.6999969482422,175.49659729003906,578.1386108398438,239.6256561279297,60.98937225341797,415.3219299316406,145.5522918701172,84.46443176269531,114.99858856201172
2024-11-07,225.7874298095703,249.64999389648438,179.71224975585938,564.7420654296875,229.26702880859375,60.95107650756836,420.51123046875,148.8209991455078,85.52257537841797,115.14115142822266
2024-11-08,225.5191650390625,247.9600067138672,177.32601928710938,571.6198120117188,229.84898376464844,61.20001220703125,417.6546630859375,147.57147216796875,86.60879516601562,115.10313415527344
2024-11-11,222.80648803710938,242.13999938964844,179.3145294189453,584.3082885742188,232.08944702148438,60.663841247558594,413.177001953125,145.20240783691406,86.18741607666016,114.49488067626953
2024-11-12,222.80648803710938,240.0500030517578,180.5772705078125,574.8501586914062,232.351318359375,60.51065444946289,418.1390075683594,148.231201171875,84.89517974853516,114.38082122802734
2024-11-13,223.69082641601562,237.6300048828125,177.8529815673828,576.4312133789062,233.9031982421875,60.31916046142578,420.2839050292969,146.2120361328125,84.0898666381836,115.44528198242188
2024-11-14,226.77114868164062,237.00999450683594,174.57192993164062,570.9891967773438,234.59182739257812,59.888309478759766,421.9543762207031,146.70179748535156,84.57682037353516,115.52193450927734
2024-11-15,223.57159423828125,236.58999633789062,171.49966430664062,575.7716064453125,237.92832946777344,59.11277770996094,410.20184326171875,141.92369079589844,84.35204315185547,114.32417297363281
2024-11-18,226.57241821289062,241.08999633789062,174.2935333251953,570.3877563476562,237.65673828125,59.22766876220703,410.95306396484375,140.09442138671875,84.50189208984375,115.28238677978516
2024-11-19,226.83074951171875,243.25,177.09732055664062,563.9756469726562,235.77511596679688,59.92660903930664,412.9595642089844,146.95172119140625,84.93262481689453,113.67257690429688
2024-11-20,227.5462188720703,244.6199951171875,174.96961975097656,564.5092163085938,233.53460693359375,60.30958938598633,410.6861572265625,145.83216857910156,84.66108703613281,115.2919692993164
2024-11-21,227.06924438476562,246.66000366210938,166.66757202148438,578.2647094726562,237.3948516845703,61.04682159423828,408.913330078125,146.6118621826172,84.59553527832031,116.83468627929688
2024-11-22,228.41065979003906,249.83999633789062,163.81405639648438,584.7350463867188,241.07081604003906,61.20001220703125,413.0037536621094,141.8937225341797,84.64234161376953,116.70053100585938
2024-11-25,231.3916015625,242.47999572753906,166.68743896484375,584.9775390625,242.7584686279297,61.64043426513672,414.7765808105469,135.96607971191406,86.83355712890625,114.95658874511719
2024-11-26,233.56771850585938,242.9499969482422,168.14901733398438,587.3736572265625,242.4480743408203,61.80320739746094,423.8883972167969,136.86572265625,86.49645233154297,113.04017639160156
2024-11-27,233.4385223388672,243.49000549316406,168.2583770751953,587.3057250976562,242.2734832763672,61.68830871582031,418.93634033203125,135.2863311767578,87.09574127197266,112.74311828613281
2024-11-29,235.82330322265625,245.58999633789062,167.97998046875,590.3516845703125,242.20562744140625,61.818546295166016,419.4018249511719,138.19520568847656,87.99471282958984,113.03059387207031
2024-12-02,238.06898498535156,243.44000244140625,170.5054168701172,586.5887451171875,238.84002685546875,61.403724670410156,426.8498229980469,138.5750274658203,88.20611572265625,112.92517852783203
2024-12-03,241.10951232910156,243.92999267578125,170.3562774658203,586.949462890625,237.4530792236328,61.2783088684082,427.0676574707031,140.20440673828125,87.44500732421875,112.7527084350586
2024-12-04,241.4672393798828,244.6699981689453,173.36888122558594,583.6641845703125,236.07579040527344,60.01454162597656,433.22802734375,145.0824737548828,88.38467407226562,109.5043716430664
2024-12-05,241.4970703125,242.86000061035156,171.64881896972656,581.8021240234375,238.0931854248047,60.69948196411133,438.37823486328125,145.01248168945312,88.56320190429688,109.98346710205078
2024-12-06,241.29832458496094,242.9499969482422,173.7069549560547,584.6097412109375,239.91661071777344,60.32324981689453,439.31915283203125,142.3933563232422,88.69474029541016,108.82404327392578
2024-12-09,245.1835174560547,245.36000061035156,174.56295776367188,579.1893920898438,236.4734649658203,60.390777587890625,441.74566650390625,138.7645263671875,87.87725830078125,108.1820297241211
2024-12-10,246.19703674316406,248.58999633789062,184.31788635253906,570.327880859375,235.55203247070312,60.68983840942383,439.08135986328125,135.0257568359375,87.46379852294922,107.9616470336914
2024-12-11,244.92515563964844,250.9600067138672,194.50079345703125,577.668701171875,236.20187377929688,60.42936325073242,444.68719482421875,139.2643585205078,86.63689422607422,107.24298858642578
2024-12-12,246.38583374023438,247.27999877929688,191.07662963867188,576.7424926757812,234.26205444335938,61.587013244628906,445.2516784667969,137.29501342773438,85.58448028564453,107.14716339111328
2024-12-13,246.5547637939453,244.2899932861328,188.94647216796875,570.7666015625,232.71990966796875,60.89242935180664,442.983642578125,134.20602416992188,84.71058654785156,106.2081069946289
2024-12-16,249.44625854492188,244.8800048828125,195.75498962402344,571.5952758789062,232.3707275390625,60.34253692626953,447.26226806640625,131.95675659179688,84.96427917480469,103.9371566772461
2024-12-17,251.87078857421875,243.94000244140625,194.52069091796875,560.2379760742188,231.1874542236328,61.16254425048828,450.104736328125,130.3472900390625,85.1709976196289,103.49639129638672
2024-12-18,246.47528076171875,239.25999450683594,187.5330047607422,536.4219360351562,223.43785095214844,60.631954193115234,433.1983337402344,128.86778259277344,84.10603332519531,101.97283172607422
2024-12-19,248.20420837402344,239.60000610351562,187.64248657226562,540.0679321289062,225.94993591308594,60.246070861816406,432.8417663574219,130.6371612548828,82.8325424194336,101.1008529663086
2024-12-20,252.8743896484375,242.10000610351562,190.52914428710938,551.8735961914062,230.4503173828125,60.34253692626953,432.4158935546875,134.65586853027344,83.30418395996094,101.44581604003906
2024-12-23,253.6494140625,240.9600067138672,193.73434448242188,556.43603515625,231.21653747558594,60.17853927612305,431.0788269042969,139.624267578125,82.54010772705078,101.85784149169922
2024-12-24,256.56085205078125,241.44000244140625,195.20751953125,568.1442260742188,235.01858520507812,60.6223030090332,435.1197204589844,140.17408752441406,82.8891372680664,101.95365905761719
2024-12-26,257.3755798339844,243.07000732421875,194.69989013671875,566.6233520507812,235.8236083984375,60.36183166503906,433.9114074707031,139.88417053222656,82.84198760986328,102.03990173339844
2024-12-27,253.96737670898438,241.39999389648438,191.87294006347656,561.7001953125,233.91290283203125,60.246070861816406,426.4040832519531,136.96511840820312,82.16278076171875,102.03032684326172
2024-12-30,250.5989227294922,240.6300048828125,190.3599395751953,559.1364135742188,232.1185760498047,59.84088897705078,420.7586669921875,137.44496154785156,82.8230972290039,101.34040832519531
2024-12-31,248.8302001953125,242.1300048828125,188.42886352539062,558.2297973632812,232.49681091308594,60.06277084350586,417.4606018066406,134.2460174560547,82.3797607421875,103.07477569580078
2025-01-02,242.30191040039062,245.4199981689453,188.55825805664062,560.5206909179688,232.77809143066406,59.657596588134766,414.5685729980469,138.2646942138672,82.60616302490234,102.82563781738281
2025-01-03,241.8150177001953,243.49000549316406,190.90740966796875,565.5510864257812,235.95938110351562,59.57077407836914,419.2928771972656,144.4226837158203,82.34201049804688,103.35264587402344
2025-01-06,243.4446258544922,243.19000244140625,195.96401977539062,568.7290649414062,234.80899047851562,58.66394805908203,423.749755859375,149.38104248046875,81.97410583496094,103.23766326904297
2025-01-07,240.67233276367188,244.55999755859375,194.59039306640625,565.5411987304688,237.07080078125,58.69289016723633,418.3222961425781,140.09408569335938,81.04966735839844,104.20545959472656
2025-01-08,241.15921020507812,245.86000061035156,193.05747985839844,565.44384765625,237.03179931640625,59.53218460083008,420.4913330078125,140.06411743164062,81.15343475341797,102.46151733398438
2025-01-10,235.3463592529297,248.2100067138672,191.15625,545.9269409179688,233.85357666015625,58.914772033691406,414.93505859375,135.86549377441406,80.61573028564453,102.08781433105469
2025-01-13,232.9119110107422,245.74000549316406,190.1309814453125,548.8028564453125,238.08473205566406,59.47430419921875,413.1919250488281,133.1863555908203,80.58744812011719,104.722900390625
2025-01-14,231.79901123046875,247.02999877929688,188.78720092773438,557.1671752929688,241.262939453125,59.85054016113281,411.6864929199219,131.7168426513672,80.45537567138672,105.13492584228516
2025-01-15,236.35987854003906,248.8800048828125,194.6501007080078,590.6929931640625,246.0205535888672,59.590065002441406,422.2245178222656,136.1953887939453,81.8420639038086,106.85012817382812
2025-01-16,226.81088256835938,250.60000610351562,192.02223205566406,597.585205078125,247.8924102783203,60.05312728881836,420.5110778808594,133.5262451171875,82.10618591308594,106.66805267333984
2025-01-17,228.5199737548828,249.27000427246094,195.0980224609375,610.2098388671875,252.65975952148438,60.496891021728516,424.91845703125,137.66490173339844,82.24769592285156,107.62627410888672
2025-01-21,221.22657775878906,253.1300048828125,197.1385955810547,618.7886962890625,256.43267822265625,60.21712875366211,424.3935546875,140.7838592529297,82.98348236083984,106.81179809570312
2025-01-22,222.40902709960938,254.42999267578125,197.45712280273438,616.8291625976562,256.2474670410156,59.59971618652344,441.9239196777344,147.0218505859375,82.54955291748047,104.9528579711914
2025-01-23,222.2401123046875,254.07000732421875,197.06890869140625,623.4291381835938,259.2794494628906,59.35853576660156,442.42901611328125,147.17178344726562,81.90809631347656,105.54695892333984
2025-01-24,221.3656768798828,255.64999389648438,199.28866577148438,620.8944091796875,258.197265625,59.73476791381836,439.8044128417969,142.57327270507812,82.2759780883789,104.11921691894531
2025-01-27,228.40074157714844,252.99000549316406,190.92730712890625,617.3653564453125,259.18194580078125,61.6159553527832,430.39544677734375,118.38121032714844,83.24760437011719,105.56611633300781
2025-01-28,236.74740600585938,255.17999267578125,194.40126037597656,621.771728515625,260.4396057128906,60.159244537353516,442.914306640625,128.94775390625,83.19100189208984,103.52513885498047
2025-01-29,237.84043884277344,254.1999969482422,194.51075744628906,621.3623046875,259.8935852050781,60.6126594543457,438.09100341796875,123.65948486328125,83.02120208740234,104.12879943847656
2025-01-30,236.0816650390625,258.04998779296875,199.94561767578125,629.4732666015625,261.5022277832031,61.78960418701172,411.01300048828125,124.60917663574219,83.3324966430664,104.99119567871094
2025-01-31,234.5017547607422,258.55999755859375,203.0811309814453,624.306396484375,260.5955505371094,61.23971939086914,411.08233642578125,120.03067016601562,82.78536987304688,102.3656997680664
2025-02-03,226.56248474121094,259.94000244140625,200.30393981933594,616.4781494140625,260.11785888671875,61.11430740356445,406.9820556640625,116.62178802490234,83.45941162109375,102.61482238769531
2025-02-04,231.3220977783203,262.5,205.43026733398438,618.2427978515625,261.21954345703125,60.45830154418945,408.4180908203125,118.61112976074219,83.71501922607422,105.36489868164062
2025-02-05,230.99417114257812,264.1300048828125,190.4495391845703,629.2295532226562,263.6470947265625,60.89242935180664,409.3293151855469,124.78910827636719,85.09716796875,105.28823852539062
2025-02-06,231.73939514160156,263.42999267578125,190.71829223632812,641.6785888671875,269.9548034667969,61.12395095825195,411.8350524902344,128.6378631591797,85.0593032836914,103.89883422851562
2025-02-07,226.18490600585938,263.8999938964844,184.48707580566406,639.4168701171875,268.88238525390625,61.587013244628906,405.8232116699219,129.7974395751953,84.51022338867188,104.33961486816406
2025-02-10,226.45346069335938,268.3699951171875,185.6118927001953,634.181884765625,264.2418212890625,62.2719612121582,408.2695617675781,133.5262451171875,84.25460815429688,106.33267974853516
2025-02-11,231.39735412597656,267.3900146484375,184.46719360351562,630.9744873046875,268.09271240234375,65.21432495117188,407.4970397949219,132.7565155029297,83.71501922607422,107.0034408569336
2025-02-12,235.625,267.6700134277344,182.7650604248047,632.6902465820312,268.5411682128906,66.28514862060547,405.1199951171875,131.0970458984375,82.5790023803711,103.7840576171875
2025-02-13,240.26052856445312,270.30999755859375,185.28341674804688,632.6416015625,269.3893127441406,67.04727172851562,406.6056213378906,135.2456817626953,83.95169067382812,104.53813934326172
2025-02-14,243.31439208984375,266.2900085449219,184.37757873535156,643.9500122070312,269.6525573730469,66.43950653076172,404.515869140625,138.80453491210938,84.3966293334961,104.64448547363281
2025-02-18,243.18507385253906,270.70001220703125,182.92428588867188,655.2974853515625,272.92828369140625,66.6131591796875,405.7142639160156,139.35435485839844,83.40261840820312,106.48137664794922
2025-02-19,243.5829620361328,270.8500061035156,184.41741943359375,651.3590698242188,272.245849609375,67.59715270996094,410.7950744628906,139.1844024658203,83.50674438476562,106.63606262207031
2025-02-20,244.53790283203125,270.989990234375,183.71067810058594,626.1196899414062,260.10809326171875,67.56820678710938,412.968505859375,140.06411743164062,83.81916046142578,108.27959442138672
2025-02-21,244.25938415527344,270.739990234375,178.83322143554688,609.8782958984375,257.6123352050781,68.83197784423828,405.108642578125,134.38595581054688,84.83209991455078,107.01311492919922
2025-02-24,245.80125427246094,272.2099914550781,178.4250946044922,610.40478515625,254.78501892089844,68.09880065917969,400.93060302734375,130.23733520507812,85.0782470703125,107.57383728027344
2025-02-25,245.74156188964844,268.6199951171875,174.61273193359375,599.4569702148438,250.94387817382812,68.967041015625,394.876953125,126.5885238647461,86.54558563232422,106.08499908447266
2025-02-26,239.09664916992188,269.0299987792969,171.93511962890625,602.2451782226562,252.29901123046875,68.3013916015625,396.6930847167969,131.23699951171875,87.05680847167969,105.82395935058594
2025-02-27,236.05276489257812,264.92999267578125,167.72457885742188,592.7206420898438,252.552490234375,68.36892700195312,389.5477600097656,120.11065673828125,86.44146728515625,106.49104309082031
2025-02-28,240.5688934326172,263.2699890136719,169.49636840820312,609.6597290039062,258.01202392578125,68.69691467285156,393.973876953125,124.87908172607422,87.50175476074219,107.63184356689453
2025-03-03,236.77891540527344,266.739990234375,166.241455078125,592.9754028320312,254.08309936523438,69.76774597167969,385.5384521484375,114.02263641357422,87.91010284423828,104.18043518066406
2025-03-04,234.68995666503906,269.05999755859375,170.13345336914062,569.3449096679688,243.9732208251953,67.7129135131836,385.65753173828125,115.95201110839844,86.8274917602539,103.96774291992188
2025-03-05,234.50096130371094,269.6199951171875,172.22377014160156,581.0328369140625,245.2211151123047,67.60679626464844,397.9732666015625,117.26158142089844,86.13421630859375,101.93750762939453
2025-03-06,234.09310913085938,268.25,171.55686950683594,556.1483154296875,240.3562774658203,67.973388671875,393.8746643066406,110.53378295898438,85.84933471679688,104.04508972167969
2025-03-07,237.81344604492188,268.3900146484375,173.05992126464844,548.3107299804688,236.203125,68.9091567993164,390.3218688964844,112.6530990600586,85.57393646240234,105.39857482910156
2025-03-10,226.2843475341797,266.0400085449219,165.2968292236328,520.8692016601562,226.39544677734375,68.92843627929688,377.2717590332031,106.94496154785156,86.46659851074219,108.08623504638672
2025-03-11,219.67926025390625,269.1600036621094,163.47314453125,520.6438598632812,223.39271545410156,68.53292083740234,377.5595397949219,108.72437286376953,85.84933471679688,105.53392791748047
2025-03-12,215.83956909179688,270.3299865722656,166.5325469970703,524.8369750976562,222.18380737304688,67.47174072265625,380.3581237792969,115.71273803710938,85.3365249633789,105.50492858886719
2025-03-13,208.5779266357422,275.1300048828125,162.1975860595703,514.158203125,219.54177856445312,67.16303253173828,375.892333984375,115.55277252197266,86.08674621582031,105.0602035522461
2025-03-14,212.36790466308594,275.239990234375,164.91815185546875,530.4212646484375,226.60992431640625,67.21163177490234,385.60791015625,121.6413345336914,85.63090515136719,108.18291473388672
2025-03-17,212.87521362304688,276.7300109863281,163.7222900390625,540.1497802734375,228.0625457763672,68.14458465576172,385.74688720703125,119.50183868408203,86.0582504272461,109.98113250732422
2025-03-18,211.5720977783203,279.9599914550781,160.1147918701172,540.5808715820312,229.0764923095703,67.42543029785156,380.606201171875,115.4028091430664,86.14372253417969,109.86510467529297
2025-03-19,214.10870361328125,281.1099853515625,163.3236846923828,546.0280151367188,233.11264038085938,67.3282470703125,384.8735656738281,117.49231719970703,86.59005737304688,111.5763168334961
2025-03-20,212.97471618652344,280.75,162.23744201660156,551.2595825195312,233.01512145996094,67.74612426757812,383.9010009765625,118.50206756591797,86.64704895019531,112.05004119873047
2025-03-21,217.12277221679688,278.489990234375,163.42333984375,553.669677734375,235.56942749023438,66.73542785644531,388.2874755859375,117.6722640991211,86.13421630859375,111.663330078125
2025-03-24,219.56983947753906,277.25,167.1005859375,568.3259887695312,241.83816528320312,67.0075454711914,390.0935974121094,121.38140106201172,85.25105285644531,111.95336151123047
2025-03-25,222.57395935058594,278.4700012207031,169.9706268310547,574.0474243164062,244.83116149902344,66.87147521972656,392.1578063964844,120.66156768798828,85.24154663085938,112.71710968017578
2025-03-26,220.3656463623047,278.239990234375,164.4896240234375,562.2714233398438,244.73365783691406,68.0473861694336,387.0072326660156,113.73320007324219,84.68124389648438,114.34130859375
2025-03-27,222.67344665527344,281.9700012207031,161.67938232421875,547.5758056640625,241.89663696289062,68.74711608886719,387.612548828125,111.40375518798828,84.434326171875,113.97393035888672
2025-03-28,216.75469970703125,284.05999755859375,153.79672241210938,532.0965576171875,236.7588348388672,68.38754272460938,375.9220886230469,109.6441650390625,85.60240936279297,113.81925964355469
2025-03-31,220.9624786376953,288.1400146484375,154.10565185546875,535.2022094726562,239.1473846435547,69.60232543945312,372.5379943847656,108.35446166992188,86.4476318359375,114.97938537597656
2025-04-01,222.0169219970703,287.57000732421875,156.52725219726562,537.3184204101562,237.5485382080078,69.84528350830078,379.2863464355469,110.12405395507812,87.19674682617188,115.08573913574219
2025-04-02,222.71322631835938,288.1600036621094,156.49732971191406,551.6709594726562,239.6543426513672,69.32048797607422,379.2367248535156,110.39398193359375,87.13954162597656,114.72801971435547
2025-04-03,202.1220245361328,286.4200134277344,150.19918823242188,500.8538513183594,222.95399475097656,71.11837768554688,370.2752990722656,101.7760238647461,87.53984069824219,108.69530487060547
2025-04-04,187.38987731933594,279.7200012207031,145.09689331054688,461.25421142578125,206.2684783935547,67.95993041992188,357.10614013671875,94.28778076171875,88.49290466308594,100.87403869628906
2025-04-07,180.50625610351562,273.7099914550781,146.24290466308594,456.0617980957031,210.34913635253906,66.44388580322266,355.14117431640625,97.61698913574219,85.82431030273438,99.52053833007812
2025-04-08,171.5137481689453,275.20001220703125,144.19998168945312,452.83856201171875,212.73277282714844,66.49247741699219,351.8662109375,96.27731323242188,84.20407104492188,97.4226303100586
2025-04-09,197.8048553466797,285.3800048828125,158.16159057617188,506.3793640136719,229.86949157714844,67.97936248779297,387.52325439453125,114.30307006835938,84.6996841430664,102.2855453491211
2025-04-10,189.4191436767578,292.3500061035156,152.2919464111328,479.85882568359375,222.77743530273438,68.76655578613281,378.45269775390625,107.5446548461914,82.36466217041016,96.61054229736328
2025-04-11,197.10850524902344,297.92999267578125,156.59701538085938,484.4046325683594,231.6940155029297,69.41767120361328,385.498779296875,110.90386199951172,82.81259155273438,99.71390533447266
2025-04-14,201.45556640625,296.2300109863281,158.52035522460938,493.7509765625,230.24224853515625,70.408935546875,384.8636169433594,110.68391418457031,83.40349578857422,99.95560455322266
2025-04-15,201.07754516601562,297.7799987792969,155.76986694335938,497.5816345214844,228.6825714111328,69.83556365966797,382.7994384765625,112.1735610961914,83.69894409179688,99.67523193359375
2025-04-16,193.24891662597656,307.4700012207031,152.8001708984375,488.9210510253906,225.229736328125,69.66062927246094,368.7867126464844,104.46538543701172,84.16595458984375,100.7290267944336
2025-04-17,195.9446563720703,306.1199951171875,150.63766479492188,499.1491394042969,227.534912109375,70.94344329833984,364.9858093261719,101.4660873413086,83.42253875732422,103.36833190917969
2025-04-21,192.14476013183594,315.5899963378906,147.15972900390625,491.18414306640625,224.62156677246094,70.71992492675781,356.3916015625,96.88717651367188,81.96435546875,101.8504867553711
2025-04-22,198.69017028808594,311.1099853515625,150.94659423828125,509.43603515625,231.0956268310547,71.8180923461914,364.0331115722656,98.86669921875,82.42184448242188,104.70249938964844
2025-04-23,203.52464294433594,303.6499938964844,154.8131866455078,518.56689453125,236.28472900390625,71.23499298095703,371.54559326171875,102.68579864501953,83.222412109375,103.80339050292969
2025-04-24,207.27481079101562,308.07000732421875,158.72959899902344,534.3009033203125,239.97299194335938,70.47696685791016,384.3575134277344,106.40492248535156,84.09925079345703,105.02153015136719
2025-04-25,208.18002319335938,304.7300109863281,161.40036010742188,533.80126953125,238.90379333496094,69.88416290283203,388.8729553222656,110.98385620117188,84.71875,104.9635238647461
2025-04-28,209.03549194335938,309.07000732421875,160.05502319335938,535.31005859375,238.58009338378906,69.76753997802734,388.1882019042969,108.70438385009766,85.25245666503906,105.02153015136719
2025-04-29,210.0998992919922,306.05999755859375,159.60658264160156,537.7788696289062,239.95338439941406,70.31175231933594,391.0462951660156,108.99431610107422,85.96726989746094,104.76050567626953
2025-04-30,211.3831024169922,303.7699890136719,158.2512664794922,536.4367065429688,239.95338439941406,70.50611877441406,392.25701904296875,108.89433288574219,85.27153015136719,102.12118530273438
2025-05-01,212.19879150390625,297.4599914550781,160.74261474609375,542.5892333984375,242.18008422851562,69.2816162109375,422.16802978515625,111.58370208740234,84.83915710449219,102.26620483398438
2025-05-02,204.27069091796875,297.9800109863281,163.4632110595703,554.6101684570312,247.69285583496094,69.63147735595703,431.97296142578125,114.47303009033203,83.92083740234375,102.68192291259766
2025-05-05,197.84461975097656,306.8800048828125,163.64259338378906,548.2029418945312,247.7418975830078,69.68006896972656,432.8562316894531,113.7931900024414,83.45211029052734,99.83958435058594
2025-05-06,197.4666290283203,315.4800109863281,162.66595458984375,538.2098999023438,244.4950408935547,69.69950103759766,430.0179443359375,113.51325988769531,83.72949981689453,101.23175048828125
2025-05-07,195.21849060058594,310.75,150.85691833496094,540.7179565429688,244.63238525390625,70.36034393310547,430.0576477050781,117.03242492675781,84.08345794677734,101.13507080078125
2025-05-08,196.45199584960938,304.6300048828125,153.74688720703125,554.2183227539062,248.63455200195312,69.16499328613281,434.84100341796875,117.34235382080078,83.14600372314453,102.54656982421875
2025-05-09,197.4865264892578,306.8399963378906,152.22218322753906,555.58984375,248.25198364257812,68.53330993652344,435.3967590332031,116.62252044677734,83.2703628540039,103.7453842163086
2025-05-12,209.95703125,298.19000244140625,157.91244506835938,579.3379516601562,255.08900451660156,67.57120513916016,445.8467712402344,122.97102355957031,82.49552154541016,105.53392791748047
2025-05-13,212.0885772705078,299.4599914550781,158.97874450683594,591.5547485351562,257.9925842285156,67.01725769042969,445.72772216796875,129.89938354492188,82.16072082519531,105.82395935058594
2025-05-14,211.490966796875,293.1600036621094,164.79855346679688,599.1867065429688,260.5724182128906,67.21163177490234,449.4988098144531,135.30810546875,81.615478515625,104.87651824951172
2025-05-15,210.61444091796875,297.8399963378906,163.39344787597656,603.3994750976562,262.3870544433594,69.59260559082031,450.5129089355469,134.79823303222656,82.3329086303711,105.94002532958984
2025-05-16,210.42520141601562,294.239990234375,165.61572265625,606.4659423828125,262.4557800292969,69.97161102294922,451.6463317871094,135.36810302734375,82.55292510986328,105.55950164794922
2025-05-19,207.9550018310547,298.0299987792969,165.96450805664062,599.8724975585938,259.826904296875,69.90359497070312,456.2197570800781,135.53805541992188,82.31377410888672,103.88131713867188
2025-05-20,206.04258728027344,303.5799865722656,163.4133758544922,594.2097778320312,260.61163330078125,69.67035675048828,455.5238342285156,134.3483428955078,81.720703125,102.39826965332031
2025-05-21,201.2914276123047,305.82000732421875,167.9775390625,581.4149169921875,256.06011962890625,69.82584381103516,449.9561767578125,131.76895141601562,80.32408142089844,101.13964080810547
2025-05-22,200.56431579589844,303.1099853515625,170.27955627441406,586.0880737304688,255.6972198486328,69.13583374023438,452.2329406738281,132.7987060546875,80.74498748779297,100.46641540527344
2025-05-23,194.4983673095703,309.75,167.8878631591797,586.3917236328125,255.73643493652344,69.74809265136719,447.5799560546875,131.25906372070312,80.87891387939453,100.52495574951172
2025-05-27,199.41885375976562,304.5,172.30255126953125,603.2328491210938,260.22906494140625,69.7578125,458.0292663574219,135.4680633544922,82.00768280029297,101.00303649902344
2025-05-28,199.62803649902344,303.80999755859375,171.76441955566406,596.0908203125,258.46337890625,69.14556884765625,454.7184753417969,134.7782440185547,81.65373992919922,99.62732696533203
2025-05-29,199.15988159179688,305.6099853515625,171.26614379882812,592.58349609375,259.32659912109375,69.47598266601562,456.0308837890625,139.15721130371094,82.40943908691406,100.19322204589844
2025-05-30,200.05633544921875,303.6000061035156,171.1465606689453,591.1952514648438,258.96368408203125,70.06880187988281,457.7011413574219,135.09817504882812,82.53380584716797,99.81271362304688
2025-06-02,200.90298461914062,311.6700134277344,168.4459228515625,589.4918823242188,259.611083984375,69.97161102294922,459.3018493652344,137.34764099121094,81.76568603515625,100.54447937011719
2025-06-03,202.46676635742188,308.9100036621094,165.60577392578125,594.5231323242188,261.1903381347656,69.15528869628906,460.29608154296875,141.1867218017578,81.62166595458984,101.2762451171875
2025-06-04,202.01856994628906,310.8999938964844,167.46929931640625,589.974365234375,259.1794738769531,69.35936737060547,461.1908874511719,141.88656616210938,82.9466552734375,99.81271362304688
2025-06-05,199.8372039794922,309.3299865722656,167.62876892089844,596.54150390625,256.9527587890625,68.91232299804688,464.9788818359375,139.95701599121094,83.0042495727539,99.35414123535156
2025-06-06,203.11419677734375,305.17999267578125,173.079833984375,604.536376953125,260.6606750488281,69.33992767333984,467.6632995605469,141.6865997314453,81.94811248779297,101.73480987548828
2025-06-09,200.65394592285156,306.6199951171875,175.69395446777344,604.0637817382812,261.6513977050781,69.74809265136719,470.0196228027344,142.59640502929688,82.0345230102539,102.41779327392578
2025-06-10,201.869140625,306.7099914550781,178.19833374023438,605.3929443359375,263.4759521484375,70.31175231933594,468.2001953125,143.92608642578125,82.45697784423828,104.61308288574219
2025-06-11,197.99452209472656,308.3699951171875,176.9511260986328,614.5496215820312,263.03448486328125,70.03963470458984,469.890380859375,142.80625915527344,82.70661163330078,106.65226745605469
2025-06-12,198.412841796875,312.20001220703125,175.30484008789062,615.4751586914062,263.12274169921875,70.20484924316406,476.104248046875,144.9759063720703,83.69556427001953,107.06206512451172
2025-06-13,195.67372131347656,316.2900085449219,174.27716064453125,604.0834350585938,259.89556884765625,69.50994110107422,472.2168273925781,141.94639587402344,82.8890380859375,109.39395141601562
2025-06-16,197.63592529296875,311.7799987792969,176.3724365234375,618.1728515625,265.20233154296875,69.02057647705078,476.3727111816406,144.66595458984375,82.05371856689453,109.74520111083984
2025-06-17,194.86692810058594,311.94000244140625,175.5542755126953,615.012451171875,264.37835693359375,68.13972473144531,475.279052734375,144.09603881835938,83.0522689819336,111.22823333740234
2025-06-18,195.80320739746094,310.260009765625,172.93020629882812,625.4490356445312,268.7336730957031,67.73844146728516,477.4663391113281,145.455810546875,83.1962890625,110.43793487548828
2025-06-20,200.20574951171875,310.1300048828125,166.26522827148438,630.9232788085938,269.7538146972656,67.37629699707031,474.6427307128906,143.8260955810547,83.04266357421875,111.91120910644531
2025-06-23,200.70376586914062,311.0799865722656,164.8184814453125,636.9096069335938,272.9613952636719,68.25716400146484,483.1930847167969,144.1460418701172,83.3115005493164,109.02317810058594
2025-06-24,199.50851440429688,306.19000244140625,166.3949432373047,651.9048461914062,275.8944091796875,68.71717071533203,487.279296875,147.87539672851562,83.91639709472656,105.70584869384766
2025-06-25,200.76351928710938,307.1199951171875,170.29612731933594,659.5452270507812,278.6409912109375,68.14950561523438,489.4268493652344,154.28436279296875,84.02201080322266,105.73512268066406
2025-06-26,200.20574951171875,306.7799987792969,173.14968872070312,676.5687255859375,283.2414855957031,67.99291229248047,494.57696533203125,154.99423217773438,84.44446563720703,107.31573486328125
2025-06-27,200.28543090820312,301.2200012207031,178.12847900390625,680.1624755859375,281.63275146484375,68.8346176147461,493.0756530761719,157.72378540039062,83.90680694580078,106.72056579589844
2025-06-30,204.3592529296875,304.8299865722656,175.83364868164062,696.8413696289062,284.37939453125,69.24568176269531,494.5372009277344,157.96376037597656,84.7325210571289,105.1789779663086
2025-07-01,206.99879455566406,307.54998779296875,175.44451904296875,695.5712890625,284.8698425292969,70.14613342285156,489.2081298828125,153.2745361328125,84.9426040649414,106.58396911621094
2025-07-02,211.6005401611328,309.25,178.23822021484375,704.8558959960938,286.42950439453125,69.40229034423828,488.2536926269531,157.22386169433594,84.40292358398438,108.34996795654297
2025-07-03,212.70616149902344,307.1400146484375,179.126220703125,712.52587890625,291.75201416015625,69.83293151855469,495.95892333984375,159.3135223388672,83.81504821777344,109.47200012207031
2025-07-07,209.12039184570312,307.3699951171875,176.3923797607422,699.9723510742188,287.77984619140625,69.50016784667969,494.84539794921875,158.21371459960938,83.01515197753906,108.40850067138672
2025-07-08,209.1801300048828,304.1600036621094,173.9678497314453,686.5328369140625,278.72174072265625,68.74652862548828,493.7517395019531,159.97340393066406,82.90914154052734,111.41361999511719
2025-07-09,210.3056640625,305.5199890136719,176.2227783203125,685.8238525390625,279.0963134765625,68.00270080566406,500.6019592285156,162.85293579101562,83.77650451660156,111.0331039428711
2025-07-10,211.57066345214844,306.20001220703125,177.22052001953125,698.1903076171875,284.0541076660156,68.2865219116211,498.58367919921875,164.07273864746094,83.83432006835938,112.13562774658203
2025-07-11,210.3256072998047,309.1400146484375,179.7847442626953,694.0845947265625,282.7431945800781,68.38440704345703,500.4130554199219,164.89259338378906,82.6778564453125,112.62347412109375
2025-07-14,207.79562377929688,308.010009765625,181.15164184570312,702.3058471679688,284.5567932128906,67.99291229248047,500.1147766113281,164.04273986816406,82.50438690185547,111.15018463134766
2025-07-15,208.28370666503906,306.7300109863281,181.59068298339844,691.6821899414062,282.4376525878906,67.88524627685547,502.89862060546875,170.671630859375,81.92615509033203,110.16474151611328
2025-07-16,209.3295440673828,308.260009765625,182.55848693847656,697.8948974609375,281.7181396484375,67.79715728759766,502.69976806640625,171.34152221679688,82.04179382324219,109.50127410888672
2025-07-17,209.19009399414062,307.5899963378906,183.1671142578125,694.9608764648438,285.73956298828125,69.08909606933594,508.7446594238281,172.97125244140625,82.02252197265625,108.94513702392578
2025-07-18,210.3455047607422,308.3900146484375,184.64378356933594,697.3435668945312,287.08990478515625,68.36482238769531,507.10418701171875,172.38134765625,82.14779663085938,105.14971160888672
2025-07-21,211.64036560058594,313.1300048828125,189.67245483398438,695.118408203125,286.794189453125,68.58014678955078,507.1141357421875,171.35153198242188,82.88023376464844,105.42290496826172
2025-07-22,213.5527801513672,316.1000061035156,190.90966796875,689.614501953125,287.2475891113281,68.17887115478516,502.3517761230469,167.00225830078125,83.38136291503906,105.90099334716797
2025-07-23,213.3037872314453,312.17999267578125,189.8021697998047,706.4608764648438,292.5010986328125,67.68950653076172,502.94830322265625,170.75161743164062,82.9188003540039,107.25719451904297
2025-07-24,212.91531372070312,310.2699890136719,191.73780822753906,708.0952758789062,292.2940979003906,67.63076782226562,507.9294128417969,173.7111358642578,82.77421569824219,108.09628295898438
2025-07-25,213.03485107421875,307.3999938964844,192.74551391601562,717.744140625,294.3344421386719,67.69928741455078,510.7430419921875,173.47117614746094,83.29464721679688,107.71576690673828
2025-07-28,213.2041778564453,305.4100036621094,192.14688110351562,712.496337890625,293.9992980957031,66.64225006103516,509.5400390625,176.7206268310547,82.75495910644531,108.73048400878906
2025-07-29,210.43516540527344,306.25,195.3097381591797,720.6979370117188,292.777099609375,67.90481567382812,509.609619140625,175.48081970214844,84.15235137939453,110.13545989990234
2025-07-30,208.2239227294922,300.9599914550781,196.08799743652344,719.48681640625,295.3299255371094,67.28822326660156,510.2757568359375,179.24021911621094,83.71868896484375,109.1792984008789
2025-07-31,206.74978637695312,302.9599914550781,191.46839904785156,712.437255859375,291.9885559082031,66.44649505615234,530.4187622070312,177.84043884277344,83.76686096191406,108.92561340332031
2025-08-01,201.58030700683594,309.1099853515625,188.70465087890625,698.63330078125,285.2171936035156,67.39588165283203,521.0829467773438,173.69113159179688,84.9577407836914,106.9742431640625
2025-08-04,202.54644775390625,310.9100036621094,194.60133361816406,714.8396606445312,290.0369873046875,67.49374389648438,532.5464477539062,179.9700927734375,85.1899185180664,104.75943756103516
2025-08-05,202.11814880371094,311.1600036621094,194.232177734375,709.798583984375,287.1884460449219,67.58184051513672,524.701904296875,178.23037719726562,85.45112609863281,104.63259887695312
2025-08-06,212.4073486328125,310.5,195.6489715576172,713.5695190429688,287.1687316894531,68.03205108642578,521.908203125,179.3901824951172,84.9577407836914,103.92034912109375
2025-08-07,219.16053771972656,313.1199951171875,196.07801818847656,708.6465454101562,282.822021484375,68.93250274658203,517.8319091796875,180.73997497558594,84.81262969970703,103.37396240234375
2025-08-08,228.44374084472656,313.04998779296875,200.9669952392578,710.1530151367188,284.615966796875,68.84439849853516,519.0248413085938,182.66964721679688,84.44501495361328,104.20330047607422
2025-08-11,226.53909301757812,308.54998779296875,200.54794311523438,708.1543579101562,285.4044494628906,69.24568176269531,518.7564697265625,182.0297393798828,84.54175567626953,103.25688171386719
2025-08-12,229.0021209716797,308.2699890136719,202.88267517089844,731.9222412109375,288.6472473144531,69.20654296875,526.183349609375,183.1295623779297,84.11609649658203,103.54957580566406
2025-08-13,232.6717529296875,309.2099914550781,201.50579833984375,733.2120361328125,286.3605041503906,68.96185302734375,517.5734252929688,181.55982971191406,84.81262969970703,104.98384094238281
2025-08-14,232.12330627441406,307.25,202.48358154296875,735.683349609375,289.9384460449219,68.07121276855469,519.46240234375,181.98974609375,84.1838150024414,104.7691879272461
2025-08-15,230.93667602539062,307.42999267578125,203.44140625,719.4573364257812,286.32110595703125,68.43333435058594,517.1657104492188,180.42001342773438,83.5840072631836,104.86766815185547
2025-08-18,230.23863220214844,306.95001220703125,203.04232788085938,719.6936645507812,287.34619140625,67.6601333618164,514.1134643554688,181.979736328125,83.3421630859375,105.09416961669922
2025-08-19,229.90957641601562,305.2699890136719,201.11668395996094,710.2613525390625,286.4886779785156,68.63887023925781,506.8257751464844,175.61080932617188,83.82587432861328,105.78350067138672
2025-08-20,225.3723907470703,308.3599853515625,198.87171936035156,709.5720825195312,288.04595947265625,69.1967544555664,502.7992248535156,175.370849609375,84.00967407226562,106.8765869140625
2025-08-21,224.26551818847656,307.2900085449219,199.3007354736328,704.9150390625,287.28704833984375,69.15760803222656,502.15185546875,174.95091247558594,83.59368896484375,107.56593322753906
2025-08-22,227.11746215820312,310.5799865722656,205.62648010253906,730.4552001953125,291.9885559082031,68.63887023925781,505.1295166015625,177.96043395996094,84.21283721923828,109.58470153808594
2025-08-25,226.5191650390625,309.8299865722656,208.02110290527344,727.4029541015625,290.6678161621094,67.46439361572266,502.17181396484375,179.78012084960938,83.97099304199219,110.03768157958984
2025-08-26,228.6630859375,312.0799865722656,206.6741180419922,737.4063110351562,294.28515625,67.26864624023438,499.96099853515625,181.7397918701172,83.92262268066406,109.79148864746094
2025-08-27,229.8397674560547,312.7099914550781,207.0133514404297,738.115234375,294.9849548339844,67.36651611328125,504.64154052734375,181.56983947753906,83.82587432861328,111.03230285644531
2025-08-28,231.90391540527344,315.0299987792969,211.1640167236328,739.641357421875,296.749267578125,66.9065170288086,507.529541015625,180.1400604248047,84.37728881835938,111.62316131591797
2025-08-29,231.485107421875,318.07000732421875,212.43115234375,737.6913452148438,297.0942687988281,67.52310943603516,504.59173583984375,174.1510467529297,83.77750396728516,112.54883575439453
2025-09-02,229.07192993164062,325.5899963378906,210.87466430664062,723.4373779296875,295.39892578125,67.59162139892578,503.0282287597656,170.75161743164062,83.15406799316406,112.9427490234375
2025-09-03,237.7972412109375,328.1400146484375,230.1412353515625,723.1503295898438,295.211669921875,67.52310943603516,503.2572937011719,170.59165954589844,84.06687927246094,110.2051010131836
2025-09-04,239.10354614257812,326.69000244140625,231.7775421142578,741.3043212890625,299.4598083496094,66.7988510131836,505.866455078125,171.63148498535156,84.70780944824219,110.68763732910156
2025-09-05,239.01380920410156,331.04998779296875,234.4714813232422,730.7227783203125,290.1553039550781,66.5150146484375,492.9501647949219,166.9922637939453,85.99935150146484,107.56593322753906
2025-09-08,237.20892333984375,334.82000732421875,233.72247314453125,734.3258056640625,288.7063903808594,65.99627685546875,496.13690185546875,168.2820281982422,87.14523315429688,108.17648315429688
2025-09-09,233.6888885498047,334.05999755859375,239.30491638183594,756.1719970703125,293.5754699707031,66.4171371459961,496.34600830078125,170.7316131591797,86.64997863769531,108.96429443359375
2025-09-10,226.1501922607422,335.260009765625,238.84552001953125,761.7745971679688,296.22686767578125,66.37799072265625,498.29791259765625,177.300537109375,87.14523315429688,110.7861099243164
2025-09-11,229.3810577392578,334.760009765625,240.0438995361328,776.7709350585938,301.1748352050781,66.18224334716797,498.9352722167969,177.1505584716797,87.7278823852539,110.43159484863281
2025-09-12,233.40966796875,335.4200134277344,240.4733123779297,772.1483154296875,302.5054626464844,65.585205078125,507.7884521484375,177.80047607421875,87.3491439819336,110.4512939453125
2025-09-15,236.03224182128906,338.9100036621094,251.26864624023438,778.7803955078125,304.4668884277344,65.29920196533203,513.225830078125,177.73049926757812,87.55309295654297,110.63839721679688
2025-09-16,237.4781494140625,339.5899963378906,250.8192596435547,777.5628662109375,304.7527160644531,65.32878875732422,506.9320068359375,174.86080932617188,87.73759460449219,112.93289947509766
2025-09-17,238.3157958984375,336.9700012207031,249.19146728515625,786.1646728515625,307.2760009765625,66.11778259277344,507.9079284667969,170.27130126953125,87.51424407958984,113.53359985351562
2025-09-18,237.20892333984375,335.6199951171875,251.68807983398438,796.15234375,308.7347717285156,65.54576110839844,506.3444519042969,176.2206573486328,86.61112976074219,112.19432830810547
2025-09-19,244.80740356445312,339.17999267578125,254.3744354248047,796.8353271484375,310.26251220703125,65.51617431640625,515.7852172851562,176.6505889892578,86.446044921875,111.10123443603516
2025-09-22,255.35755920410156,345.04998779296875,252.18739318847656,797.3896484375,307.9560852050781,65.29920196533203,512.3196411132812,183.58984375,86.13529968261719,110.31341552734375
2025-09-23,253.7122344970703,346.4599914550781,251.31858825683594,798.1419677734375,308.25177001953125,65.79232788085938,507.1212463378906,178.410400390625,86.73737335205078,112.2140121459961
2025-09-24,251.59820556640625,343.32000732421875,246.80470275878906,784.392822265625,308.92205810546875,65.53589630126953,508.0373840332031,176.9505615234375,86.4072036743164,112.81472778320312
2025-09-25,256.1453552246094,344.75,245.45654296875,786.69921875,308.9516296386719,65.07237243652344,504.9303283691406,177.67050170898438,86.4072036743164,113.82903289794922
2025-09-26,254.73931884765625,346.739990234375,246.2055206298828,794.3706665039062,311.52410888671875,64.7666244506836,509.3419494628906,178.17044067382812,86.32951354980469,115.4342041015625
2025-09-29,253.7122344970703,352.4599914550781,243.71890258789062,795.9642333984375,311.1594543457031,65.13153839111328,512.4689331054688,181.83004760742188,87.03840637207031,112.47990417480469
2025-09-30,253.9116668701172,355.4700012207031,242.77020263671875,788.2730102539062,310.9031677246094,65.40768432617188,515.8051147460938,186.55950927734375,86.78593444824219,111.03230285644531
2025-10-01,254.72933959960938,356.0299987792969,244.5677490234375,777.5430297851562,306.25091552734375,65.86136627197266,517.5578002929688,187.21945190429688,87.01005554199219,110.28387451171875
2025-10-02,256.40460205078125,354.7900085449219,245.35667419433594,771.4752197265625,303.1362609863281,65.19071197509766,513.6041870117188,188.8692626953125,87.26341247558594,109.59454345703125
2025-10-03,257.2920837402344,357.6400146484375,245.01715087890625,781.9676513671875,305.5806884765625,65.73314666748047,515.20751953125,187.5994110107422,87.0977554321289,111.53453063964844
2025-10-06,255.96585083007812,364.3800048828125,250.09024047851562,788.6987915039062,306.2244567871094,65.19071197509766,526.3811645507812,185.51962280273438,86.40589141845703,112.460205078125
2025-10-07,255.7564697265625,366.260009765625,245.42657470703125,781.6410522460938,304.7486877441406,65.87122344970703,521.8101196289062,185.01968383789062,86.90287017822266,112.51929473876953
2025-10-08,257.33197021484375,372.29998779296875,244.2881317138672,768.6343383789062,301.1236877441406,65.21044158935547,522.676513671875,189.0892333984375,86.97108459472656,112.28295135498047
2025-10-09,253.32330322265625,365.42999267578125,241.2023162841797,772.04931640625,302.6093444824219,65.45700073242188,520.2366943359375,192.54885864257812,86.90287017822266,111.18986511230469
2025-10-10,244.57806396484375,369.1199951171875,236.2490692138672,756.6075439453125,298.01373291015625,66.11778259277344,508.84405517578125,183.139892578125,88.30609893798828,109.04307556152344
2025-10-13,246.96131896972656,378.0899963378906,243.81875610351562,778.8001708984375,305.0260314941406,65.88108825683594,511.9212646484375,188.29933166503906,88.25736999511719,110.53006744384766
2025-10-14,247.07101440429688,380.7900085449219,245.1169891357422,762.942626953125,299.19232177734375,66.5813217163086,511.4432067871094,180.01022338867188,88.53997039794922,110.57930755615234
2025-10-15,248.63658142089844,387.3900146484375,250.68942260742188,760.1412963867188,302.767822265625,66.15723419189453,511.3038330078125,179.8102569580078,88.3450698852539,109.90966796875
2025-10-16,246.75192260742188,396.45001220703125,251.1188507080078,750.4011840820312,295.6861572265625,66.66021728515625,509.4913330078125,181.7900390625,89.00770568847656,108.9544448852539
2025-10-17,251.57826232910156,388.989990234375,252.9563446044922,743.1553955078125,294.7155456542969,67.49852752685547,511.4532165527344,183.19989013671875,88.87126922607422,110.53006744384766
2025-10-20,261.5001525878906,403.1499938964844,256.2019348144531,755.5780639648438,299.4696350097656,67.49852752685547,514.6498413085938,182.6199493408203,89.21234893798828,110.9830551147461
2025-10-21,262.0286865234375,377.239990234375,250.12020874023438,751.2821044921875,294.2500305175781,70.24028015136719,515.5162963867188,181.14010620117188,89.6508560180664,110.99291229248047
2025-10-22,257.72088623046875,377.2799987792969,251.34854125976562,737.0479125976562,291.2984924316406,69.8359146118164,518.3843383789062,180.2602081298828,89.7093276977539,112.96244049072266
2025-10-23,258.84771728515625,378.7900085449219,252.73666381835938,743.1653442382812,291.72442626953125,68.97789764404297,518.404296875,182.13999938964844,89.09539794921875,114.21309661865234
2025-10-24,262.07855224609375,377.5199890136719,259.5673828125,775.9295654296875,297.5680236816406,68.75105285644531,521.441650390625,186.23953247070312,89.13439178466797,113.632080078125
2025-10-27,268.0516357421875,367.010009765625,268.9046630859375,781.9775390625,301.2425231933594,69.09623718261719,529.3189697265625,191.46897888183594,89.43647003173828,114.1737060546875
2025-10-28,268.2410888671875,364.3800048828125,267.1071472167969,784.0563354492188,302.4409484863281,69.19486999511719,539.8251953125,201.0079345703125,89.67034149169922,113.2775650024414
2025-10-29,268.93914794921875,363.0,274.197509765625,775.117919921875,302.58953857421875,67.40975952148438,539.3073120117188,207.01727294921875,88.76409149169922,114.67593383789062
2025-10-30,270.63433837890625,370.1300048828125,281.09814453125,782.1458740234375,306.48199462890625,68.03109741210938,523.582763671875,202.8677215576172,88.24762725830078,112.9427490234375
2025-10-31,269.60723876953125,368.1199951171875,280.8085021972656,781.3638916015625,308.1459045410156,67.95219421386719,515.6656494140625,202.4677734375,87.98451232910156,112.6177749633789
2025-11-03,268.2909851074219,368.7799987792969,283.3350830078125,777.552978515625,306.3928527832031,67.03499603271484,514.888916015625,206.85728454589844,87.76448059082031,112.02691650390625
2025-11-04,269.2781982421875,362.32000732421875,277.1634521484375,782.80908203125,306.2937927246094,67.71550750732422,512.2001342773438,198.66818237304688,87.96007537841797,112.40113067626953
2025-11-05,269.3778991699219,366.510009765625,283.92425537109375,785.0462036132812,308.7005615234375,67.56756591796875,505.0597839355469,195.18858337402344,87.00164794921875,111.94813537597656
2025-11-06,269.0089416503906,366.07000732421875,284.3636779785156,779.592041015625,310.4239501953125,68.10999298095703,495.04144287109375,188.05935668945312,87.78402709960938,112.7556381225586
2025-11-07,267.7126159667969,368.30999755859375,278.45172119140625,778.3646240234375,311.20635986328125,69.57950592041016,494.7626037597656,188.1293487548828,87.59821319580078,115.4342041015625
2025-11-10,268.9303283691406,378.3800048828125,289.7064208984375,789.114501953125,313.8607482910156,69.5499038696289,503.90460205078125,199.0281524658203,87.57865142822266,116.4189682006836
2025-11-11,274.73956298828125,379.8699951171875,290.914794921875,802.0914916992188,312.6028747558594,70.62491607666016,506.573486328125,193.1387939453125,87.97962951660156,117.9552001953125
2025-11-12,272.962890625,385.989990234375,286.3210144042969,830.4608154296875,317.34710693359375,70.52629089355469,509.0233154296875,193.7787322998047,88.1361083984375,116.32048797607422
2025-11-13,272.4438171386719,382.8699951171875,278.19207763671875,797.3302612304688,306.5216064453125,70.09234619140625,501.205810546875,186.8394775390625,87.41239929199219,116.98028564453125
2025-11-14,271.90484619140625,375.9599914550781,276.0350036621094,782.8882446289062,300.7076721191406,70.18110656738281,508.0672912597656,190.14910888671875,86.91363525390625,118.50015258789062
2025-11-17,266.9639892578125,371.6499938964844,284.63330078125,767.6939697265625,297.4986572265625,69.70771026611328,505.388427734375,186.5795135498047,87.12877655029297,116.90081024169922
2025-11-18,266.94403076171875,374.3500061035156,283.8943176269531,768.4264526367188,296.5478515625,70.24028015136719,491.74517822265625,181.340087890625,87.09944915771484,118.24187469482422
2025-11-19,268.0619812011719,374.9599914550781,292.4127502441406,778.0181884765625,300.3709411621094,70.13179779052734,485.102783203125,186.49952697753906,86.92340087890625,116.572998046875
2025-11-20,265.7562561035156,374.8500061035156,289.05731201171875,765.852783203125,295.5277099609375,70.23042297363281,477.3404846191406,180.6201629638672,87.26571655273438,116.24517822265625
2025-11-21,270.98651123046875,374.2699890136719,299.25347900390625,766.179443359375,295.171142578125,71.94647979736328,471.04486083984375,178.86036682128906,87.52974700927734,116.3047866821289
2025-11-24,275.4083557128906,380.20001220703125,318.14776611328125,782.6903076171875,295.1513366699219,71.5914306640625,472.92059326171875,182.52996826171875,88.02852630615234,115.20213317871094
2025-11-25,276.45635986328125,380.0799865722656,323.0011901855469,794.1825561523438,300.103515625,71.61116790771484,475.90374755859375,177.80047607421875,88.25347137451172,113.75180053710938
2025-11-26,277.0353088378906,383.1199951171875,319.5159606933594,807.733642578125,304.6991882324219,71.87744903564453,484.3943786621094,180.24020385742188,88.64466857910156,114.01007843017578
2025-11-28,278.3328857421875,387.8800048828125,319.7456359863281,817.6619262695312,310.087158203125,72.11414337158203,490.88958740234375,176.98056030273438,88.22412109375,115.1524658203125
2025-12-01,282.57501220703125,389.75,314.46282958984375,802.6359252929688,305.9669494628906,71.45864868164062,485.6315612792969,179.90025329589844,87.12584686279297,115.8577651977539
2025-12-02,285.6592712402344,387.239990234375,315.38153076171875,810.9422607421875,304.9368896484375,70.18739318847656,488.8841552734375,181.44007873535156,87.16510772705078,114.61603546142578
2025-12-03,283.623046875,386.8800048828125,319.19635009765625,832.1904296875,309.1462707519531,70.32643127441406,476.64208984375,179.57028198242188,87.41047668457031,117.02001953125
2025-12-04,280.179443359375,387.1300048828125,317.1890869140625,833.4437866210938,313.0783386230469,69.9688949584961,479.7449951171875,183.37008666992188,86.93936920166016,116.36438751220703
2025-12-05,278.26300048828125,386.44000244140625,320.8341064453125,850.086181640625,312.0284729003906,69.52196502685547,482.0597229003906,182.40013122558594,86.5369644165039,115.76836395263672
2025-12-08,277.3746643066406,385.4200134277344,313.49932861328125,862.1527099609375,312.1968078613281,69.770263671875,489.9018249511719,185.5399627685547,86.25233459472656,115.21207427978516
2025-12-09,276.6659851074219,387.3999938964844,316.85693359375,871.990966796875,297.6373596191406,69.6113510131836,490.8995361328125,184.95999145507812,86.34066009521484,117.467041015625
2025-12-10,278.26300048828125,389.04998779296875,319.9847412109375,884.5846557617188,307.1455383300781,69.73052978515625,477.4701843261719,183.77005004882812,86.67436981201172,118.74849700927734
2025-12-11,277.514404296875,393.239990234375,312.210205078125,906.2606201171875,314.3460693359375,68.63804626464844,482.3690185546875,180.92019653320312,86.55658721923828,118.74849700927734
2025-12-12,277.763916015625,395.44000244140625,309.07244873046875,883.3114013671875,315.4751892089844,70.03841400146484,477.4402770996094,175.01052856445312,85.72233581542969,118.03326416015625
2025-12-15,273.6016540527344,395.79998779296875,308.003173828125,884.932861328125,316.9608154296875,70.48534393310547,473.73870849609375,176.28045654296875,85.7812271118164,116.98028564453125
2025-12-16,274.1007385253906,395.8900146484375,306.3543395996094,874.5474853515625,312.5335693359375,69.88944244384766,475.3051452636719,177.71038818359375,86.25233459472656,113.9206771850586
2025-12-17,271.33587646484375,399.2900085449219,296.5112609863281,867.76318359375,311.9690246582031,70.18739318847656,475.0357360839844,170.93075561523438,86.17382049560547,116.63260650634766
2025-12-18,271.68524169921875,398.57000732421875,302.2472229003906,871.71240234375,310.0079345703125,69.87950897216797,482.87786865234375,174.1305694580078,86.5860366821289,115.76836395263672
2025-12-19,273.1625061035156,399.0199890136719,306.9439392089844,888.8024291992188,314.17767333984375,69.58155822753906,484.8134460449219,180.98020935058594,86.26286315917969,115.91736602783203
2025-12-22,270.4674987792969,408.2300109863281,309.56207275390625,894.2935791015625,320.0014953613281,69.73052978515625,483.81573486328125,183.6800537109375,86.07565307617188,117.3676986694336
2025-12-23,271.85491943359375,413.6400146484375,314.1288757324219,896.9893798828125,322.8143310546875,69.39286041259766,485.7413330078125,189.19976806640625,86.2136001586914,118.62928771972656
2025-12-24,273.3022155761719,411.92999267578125,313.8690490722656,906.0119018554688,326.02337646484375,69.63121795654297,486.90863037109375,188.59979248046875,86.73580169677734,118.43061828613281
2025-12-26,272.89300537109375,416.739990234375,313.2894592285156,902.2914428710938,324.7754211425781,69.39286041259766,486.599365234375,190.51968383789062,86.45006561279297,118.32134246826172
2025-12-29,273.2523498535156,398.6000061035156,313.33941650390625,887.50927734375,320.6551818847656,69.68087768554688,485.9907531738281,188.20980834960938,86.77521514892578,119.73194122314453
2025-12-30,272.57354736328125,398.8900146484375,313.6292419433594,879.7898559570312,320.328369140625,69.59149169921875,486.3699035644531,187.52984619140625,86.56830596923828,120.18889617919922
2025-12-31,271.3558349609375,396.30999755859375,312.7798156738281,874.3982543945312,319.1398010253906,69.43258666992188,482.5186767578125,186.4899139404297,85.87860107421875,119.54319763183594
